{"type":"FeatureCollection","features":[{"type":"Feature","geometry":{"type":"MultiLineString","coordinates":[[[55.52116,-21.06483],[55.52083,-21.06464]],[[55.52181,-21.06521],[55.52116,-21.06483]],[[55.52205,-21.06537],[55.52181,-21.06521]],[[55.52205,-21.06537],[55.52212,-21.06541]],[[55.52212,-21.06541],[55.52238,-21.06554]],[[55.52238,-21.06554],[55.52281,-21.06545],[55.5235,-21.06563]],[[55.5235,-21.06563],[55.52356,-21.06556]],[[55.52356,-21.06556],[55.52357,-21.06554]],[[55.52357,-21.06554],[55.52373,-21.06546]],[[55.52373,-21.06546],[55.52377,-21.06537]],[[55.52377,-21.06537],[55.52381,-21.06535]],[[55.52381,-21.06535],[55.52401,-21.06546]],[[55.52401,-21.06546],[55.52445,-21.06542],[55.52467,-21.06526],[55.52485,-21.06532]],[[55.52485,-21.06532],[55.5253,-21.06549],[55.52591,-21.06539]],[[55.52591,-21.06539],[55.52596,-21.06535]],[[55.52596,-21.06535],[55.52597,-21.06533]],[[55.52597,-21.06533],[55.52648,-21.0649],[55.52663,-21.06443],[55.52781,-21.06245],[55.52861,-21.0622],[55.52818,-21.06274],[55.52895,-21.06261],[55.52881,-21.06273],[55.52895,-21.06271],[55.53018,-21.06202],[55.53013,-21.0622],[55.53043,-21.06207],[55.53016,-21.06236],[55.53056,-21.06216],[55.53054,-21.0623],[55.53179,-21.06128],[55.53177,-21.06147],[55.53195,-21.06135],[55.5319,-21.06167],[55.53211,-21.06133],[55.5322,-21.0613],[55.53208,-21.06148],[55.53317,-21.06072],[55.53395,-21.05983],[55.53412,-21.05942],[55.53415,-21.05974],[55.53428,-21.05955],[55.53426,-21.05926],[55.53463,-21.05897],[55.5347,-21.05867],[55.53507,-21.05827],[55.5354,-21.05807],[55.53515,-21.05842],[55.53517,-21.05872],[55.53548,-21.05832],[55.53538,-21.05853],[55.53568,-21.05838],[55.53542,-21.05885],[55.53573,-21.05867],[55.53535,-21.05939],[55.53587,-21.059],[55.53558,-21.0595],[55.53577,-21.05956],[55.53546,-21.05995],[55.53564,-21.05981],[55.53547,-21.06027]],[[55.53547,-21.06027],[55.53564,-21.0607],[55.53555,-21.06106],[55.53604,-21.06054],[55.53625,-21.06064]],[[55.53625,-21.06064],[55.53664,-21.06046]],[[55.53664,-21.06046],[55.53666,-21.06077],[55.53636,-21.06119]],[[55.53636,-21.06119],[55.5365,-21.06165]],[[55.5365,-21.06165],[55.5347,-21.06295],[55.53462,-21.06355],[55.53422,-21.06416],[55.5344,-21.06469],[55.53471,-21.06486],[55.5344,-21.06543],[55.534,-21.06543],[55.53331,-21.06501],[55.53262,-21.06499],[55.53232,-21.06466]],[[55.53232,-21.06466],[55.53223,-21.06465],[55.53223,-21.06489],[55.53183,-21.06567],[55.53135,-21.06611],[55.53135,-21.06632],[55.53103,-21.06663],[55.53097,-21.06706],[55.53125,-21.06779],[55.5313,-21.06829],[55.53123,-21.06877],[55.53144,-21.06884],[55.53124,-21.06887],[55.53113,-21.06928],[55.53127,-21.06959],[55.53109,-21.0703],[55.5312,-21.07067]],[[55.52803,-21.07827],[55.5281,-21.07779],[55.52844,-21.07747],[55.52868,-21.07741],[55.52868,-21.07712],[55.52912,-21.07682],[55.52933,-21.07648],[55.53013,-21.07497],[55.53032,-21.07411],[55.53127,-21.07255],[55.53107,-21.07132],[55.5312,-21.07067]],[[55.52805,-21.0783],[55.52803,-21.07827]],[[55.51227,-21.09446],[55.51291,-21.09421],[55.51321,-21.09437],[55.51383,-21.09416],[55.51434,-21.09428],[55.51503,-21.09485],[55.51514,-21.09463],[55.51535,-21.09477],[55.51641,-21.09335],[55.51659,-21.09356],[55.51668,-21.09344],[55.51682,-21.09357],[55.51779,-21.09332],[55.51747,-21.09242],[55.51768,-21.09207],[55.51796,-21.09199],[55.51853,-21.09144],[55.51881,-21.09093],[55.51929,-21.09076],[55.51985,-21.08984],[55.52031,-21.08957],[55.52083,-21.08883],[55.52158,-21.08825],[55.52229,-21.08728],[55.52279,-21.08598],[55.52264,-21.08534],[55.52285,-21.08384],[55.52337,-21.08316],[55.52346,-21.08261],[55.52386,-21.08269],[55.52408,-21.08253],[55.52408,-21.08238],[55.52446,-21.08234],[55.52454,-21.08252],[55.52513,-21.08255],[55.5258,-21.08173],[55.52645,-21.08028],[55.52702,-21.0798],[55.5272,-21.07939],[55.52805,-21.07894],[55.52822,-21.07842],[55.52805,-21.0783]],[[55.49605,-21.10972],[55.49613,-21.10935],[55.49719,-21.10784],[55.49718,-21.10772],[55.49841,-21.10639],[55.49874,-21.1056],[55.49936,-21.10521],[55.49956,-21.10523],[55.49959,-21.10497],[55.50015,-21.10431],[55.50091,-21.10379],[55.50127,-21.10333],[55.50136,-21.10311],[55.50123,-21.10259],[55.50166,-21.10264],[55.5019,-21.10246],[55.50291,-21.10214],[55.50356,-21.10139],[55.50397,-21.1005],[55.50481,-21.10018],[55.50487,-21.10001],[55.50504,-21.10002],[55.50494,-21.09992],[55.50541,-21.0998],[55.50602,-21.09899],[55.50718,-21.09836],[55.50755,-21.09787],[55.5075,-21.09756],[55.50852,-21.0972],[55.50851,-21.09706],[55.50933,-21.09655],[55.50928,-21.0964],[55.50967,-21.09613],[55.50972,-21.09582],[55.51009,-21.09585],[55.51073,-21.09567],[55.51084,-21.09526],[55.51169,-21.09498],[55.51165,-21.09485],[55.51181,-21.09479],[55.51174,-21.0947],[55.51213,-21.09439],[55.51227,-21.09446]],[[55.49606,-21.10985],[55.49605,-21.10972]],[[55.49537,-21.11113],[55.49533,-21.11083],[55.49574,-21.11014],[55.49606,-21.10985]],[[55.4832,-21.12346],[55.48247,-21.12257],[55.48352,-21.12281],[55.48374,-21.12201],[55.48407,-21.12188],[55.48396,-21.12172],[55.48417,-21.12169],[55.48407,-21.1216],[55.48428,-21.12155],[55.48422,-21.12141],[55.48465,-21.12139],[55.48481,-21.12118],[55.48466,-21.12117],[55.48475,-21.12103],[55.48461,-21.12104],[55.48463,-21.12094],[55.48455,-21.12103],[55.48438,-21.12079],[55.48459,-21.12078],[55.48447,-21.12056],[55.48474,-21.12061],[55.48439,-21.12038],[55.48445,-21.11995],[55.4846,-21.12007],[55.48463,-21.11978],[55.48501,-21.11949],[55.48513,-21.11959],[55.48529,-21.1193],[55.4855,-21.11949],[55.48561,-21.1195],[55.48564,-21.11932],[55.48597,-21.11943],[55.486,-21.11885],[55.48625,-21.11907],[55.48641,-21.11904],[55.48632,-21.11895],[55.48656,-21.11896],[55.48638,-21.11881],[55.48637,-21.11824],[55.48709,-21.1179],[55.48675,-21.11785],[55.48686,-21.11782],[55.48671,-21.11767],[55.48696,-21.1176],[55.48679,-21.11759],[55.48695,-21.11743],[55.48683,-21.11736],[55.48716,-21.11733],[55.48751,-21.11686],[55.48738,-21.11644],[55.48707,-21.11632],[55.48711,-21.11609],[55.4875,-21.11571],[55.48831,-21.11563],[55.48789,-21.11531],[55.48799,-21.11521],[55.48791,-21.11439],[55.48773,-21.11386],[55.48819,-21.11295],[55.48876,-21.11283],[55.48886,-21.11306],[55.48962,-21.113],[55.48952,-21.11327],[55.49049,-21.11368],[55.49071,-21.11336],[55.49113,-21.11323],[55.4912,-21.11335],[55.49137,-21.1133],[55.49162,-21.11357],[55.49157,-21.11312],[55.4917,-21.11313],[55.49174,-21.11293],[55.49223,-21.11344],[55.49232,-21.11344],[55.49225,-21.1133],[55.49242,-21.1134],[55.49248,-21.11322],[55.49271,-21.11322],[55.49281,-21.11327],[55.49274,-21.11351],[55.49285,-21.11341],[55.49299,-21.11347],[55.49297,-21.11333],[55.49316,-21.11355],[55.49317,-21.11321],[55.49327,-21.11313],[55.49341,-21.1133],[55.49341,-21.1131],[55.49352,-21.11317],[55.49344,-21.11293],[55.49356,-21.11304],[55.49354,-21.11267],[55.49368,-21.11264],[55.49369,-21.11249],[55.4941,-21.11294],[55.49407,-21.11266],[55.49426,-21.1132],[55.49435,-21.1129],[55.49442,-21.11313],[55.49448,-21.11286],[55.49464,-21.113],[55.49464,-21.11272],[55.49479,-21.11291],[55.49474,-21.11268],[55.49494,-21.11286],[55.49487,-21.11275],[55.49503,-21.11275],[55.49495,-21.11268],[55.49518,-21.11273],[55.49498,-21.11258],[55.49492,-21.11234],[55.49505,-21.1121],[55.49497,-21.112],[55.49516,-21.112],[55.49511,-21.11189],[55.49521,-21.11194],[55.49525,-21.11179],[55.49482,-21.11157],[55.49522,-21.11142],[55.49519,-21.11126],[55.49537,-21.11113]],[[55.48144,-21.12299],[55.48223,-21.1234],[55.4832,-21.12346]],[[55.48134,-21.12312],[55.48144,-21.12299]],[[55.48226,-21.12508],[55.48217,-21.1248],[55.48168,-21.12437],[55.48134,-21.12312]],[[55.47979,-21.1245],[55.47986,-21.12418],[55.48018,-21.12428],[55.48079,-21.12407],[55.48178,-21.12499],[55.48191,-21.12505],[55.48203,-21.12491],[55.48226,-21.12508]],[[55.47896,-21.1253],[55.47902,-21.12515],[55.47915,-21.12518],[55.47974,-21.12472],[55.47979,-21.1245]],[[55.47876,-21.12521],[55.47896,-21.1253]],[[55.47876,-21.12521],[55.47874,-21.12513]],[[55.47874,-21.12513],[55.47873,-21.12497]],[[55.47188,-21.12707],[55.47221,-21.1264],[55.47182,-21.12646],[55.47276,-21.12522],[55.47303,-21.12467],[55.4728,-21.12455],[55.47305,-21.12426],[55.4731,-21.12395],[55.47357,-21.12384],[55.4738,-21.12364],[55.4738,-21.12335],[55.47395,-21.12337],[55.47403,-21.12297],[55.47432,-21.12325],[55.475,-21.12318],[55.47674,-21.12353],[55.47775,-21.12445],[55.47873,-21.12497]],[[55.47031,-21.12475],[55.4707,-21.12537],[55.47121,-21.12546],[55.47114,-21.12572],[55.47188,-21.12707]],[[55.47016,-21.12473],[55.47031,-21.12475]],[[55.46326,-21.12263],[55.46361,-21.12259],[55.46361,-21.12294],[55.46387,-21.12323],[55.46359,-21.12386],[55.46367,-21.12457],[55.46326,-21.12512],[55.4635,-21.12609],[55.46405,-21.12584],[55.46502,-21.12632],[55.46599,-21.12635],[55.46628,-21.12663],[55.46753,-21.12646],[55.4677,-21.12657],[55.46823,-21.12627],[55.46846,-21.12634],[55.46957,-21.12623],[55.46984,-21.12581],[55.46992,-21.12591],[55.46991,-21.1256],[55.4702,-21.12567],[55.47033,-21.12556],[55.46999,-21.125],[55.47005,-21.12472],[55.47016,-21.12473]],[[55.45598,-21.12385],[55.45574,-21.12365],[55.45648,-21.12372],[55.45636,-21.12357],[55.45647,-21.12354],[55.45626,-21.12333],[55.45628,-21.12306],[55.45641,-21.12315],[55.45648,-21.1227],[55.45659,-21.12289],[55.45664,-21.12253],[55.45671,-21.12272],[55.45691,-21.12227],[55.45706,-21.12252],[55.45716,-21.12223],[55.45723,-21.12228],[55.45721,-21.1227],[55.45761,-21.12344],[55.45817,-21.1236],[55.45936,-21.12362],[55.45944,-21.12372],[55.46086,-21.12334],[55.46106,-21.12317],[55.46159,-21.12313],[55.46171,-21.12295],[55.46238,-21.12303],[55.46326,-21.12263]],[[55.45607,-21.12389],[55.45598,-21.12385]],[[55.4524,-21.12241],[55.45241,-21.12257],[55.45268,-21.12225],[55.45291,-21.12271],[55.45305,-21.12266],[55.45334,-21.12347],[55.45444,-21.12386],[55.45463,-21.12416],[55.4547,-21.12465],[55.45585,-21.12456],[55.45594,-21.12436],[55.45585,-21.12425],[55.45597,-21.12417],[55.45571,-21.12404],[55.45608,-21.12399],[55.45607,-21.12389]],[[55.45222,-21.12237],[55.4524,-21.12241]],[[55.45028,-21.11904],[55.45039,-21.11915],[55.45053,-21.11901],[55.45054,-21.11925],[55.45091,-21.11947],[55.45119,-21.11993],[55.45142,-21.12061],[55.45139,-21.12096],[55.45125,-21.12111],[55.45135,-21.12117],[55.45114,-21.12129],[55.45143,-21.12148],[55.45157,-21.12193],[55.45183,-21.12169],[55.4521,-21.12195],[55.45222,-21.12237]],[[55.45028,-21.11904],[55.45047,-21.11875],[55.45044,-21.11854],[55.45003,-21.11882],[55.44995,-21.1188],[55.45008,-21.11871],[55.44984,-21.11871],[55.45003,-21.11855],[55.44981,-21.11859],[55.45003,-21.11844],[55.44976,-21.11841],[55.45004,-21.11816],[55.45008,-21.11808],[55.44979,-21.1181],[55.4502,-21.11775],[55.45009,-21.11775]],[[55.45009,-21.11775],[55.45014,-21.1175],[55.44999,-21.11757],[55.4501,-21.11739],[55.44971,-21.1176],[55.44999,-21.11709],[55.44991,-21.11696],[55.45022,-21.11655],[55.45048,-21.11659],[55.45057,-21.11647],[55.45042,-21.11652],[55.45052,-21.1164],[55.45033,-21.11629],[55.45041,-21.11613],[55.45019,-21.11619],[55.45033,-21.11606],[55.44977,-21.11613],[55.45005,-21.11595],[55.44988,-21.11598],[55.45019,-21.11565],[55.44993,-21.11579],[55.45006,-21.11558],[55.44991,-21.11558],[55.45,-21.11542],[55.44983,-21.1155],[55.44994,-21.11528],[55.44975,-21.11543],[55.44952,-21.11532],[55.44966,-21.11533],[55.44984,-21.11509],[55.44953,-21.11509],[55.44964,-21.11501],[55.44954,-21.11497],[55.44967,-21.11454],[55.45012,-21.11448],[55.44941,-21.11396],[55.44941,-21.11377],[55.44877,-21.11335]],[[55.44877,-21.11335],[55.44744,-21.11249],[55.44743,-21.11286],[55.44719,-21.11264],[55.44721,-21.11289],[55.44694,-21.11334],[55.44628,-21.11387],[55.44524,-21.11374],[55.44478,-21.11349]],[[55.44478,-21.11349],[55.44424,-21.1133],[55.44375,-21.11282],[55.44371,-21.11262],[55.44294,-21.11217],[55.44234,-21.1115],[55.44186,-21.11141],[55.44135,-21.11164],[55.44098,-21.11153],[55.44088,-21.11135],[55.4407,-21.1115],[55.44046,-21.11133],[55.44044,-21.11161],[55.44025,-21.11172],[55.44042,-21.11192],[55.44051,-21.11256],[55.44048,-21.11268],[55.4404,-21.11262],[55.4405,-21.11281],[55.44035,-21.11282],[55.44033,-21.11302],[55.44025,-21.11291],[55.44031,-21.11331],[55.44003,-21.11327],[55.43991,-21.11343],[55.43972,-21.1133],[55.4397,-21.11341],[55.43896,-21.11377],[55.43799,-21.11346],[55.43781,-21.11365],[55.43732,-21.11381],[55.43658,-21.11366],[55.43617,-21.11326],[55.43596,-21.11345],[55.43565,-21.11336],[55.43528,-21.11358],[55.4353,-21.11335],[55.43515,-21.11345],[55.43518,-21.11319],[55.43506,-21.11321]],[[55.43506,-21.11321],[55.43495,-21.11318]],[[55.43495,-21.11318],[55.43451,-21.11328],[55.43464,-21.11311],[55.43439,-21.1132],[55.43402,-21.11301],[55.43418,-21.11299],[55.43387,-21.1129],[55.43361,-21.11332],[55.43325,-21.11298],[55.43287,-21.11291],[55.43297,-21.11279],[55.43269,-21.11284],[55.4328,-21.11268],[55.43272,-21.11252]],[[55.43272,-21.11252],[55.43241,-21.11267],[55.43236,-21.11253],[55.43214,-21.11268],[55.43213,-21.11254],[55.43183,-21.11273],[55.43188,-21.11264],[55.43173,-21.11262],[55.43185,-21.1125],[55.43164,-21.11256],[55.4319,-21.11233],[55.43169,-21.1123],[55.43194,-21.11194],[55.43177,-21.11206],[55.43179,-21.11161],[55.43168,-21.11169],[55.43178,-21.11129],[55.43163,-21.11132],[55.43168,-21.1111],[55.4315,-21.11089],[55.43154,-21.11039],[55.43234,-21.11009],[55.43232,-21.10995],[55.43246,-21.10996],[55.43237,-21.10985],[55.43255,-21.10981],[55.4329,-21.10998],[55.43275,-21.10974],[55.43294,-21.10978],[55.43309,-21.10929],[55.43299,-21.10933],[55.43296,-21.1092],[55.43327,-21.10881],[55.43313,-21.10853],[55.43291,-21.10856],[55.4326,-21.10834],[55.43263,-21.10811],[55.43246,-21.10812],[55.43256,-21.10795],[55.43241,-21.10794],[55.43256,-21.10782],[55.43239,-21.1078],[55.43239,-21.10739],[55.43225,-21.10717],[55.43248,-21.10676]],[[55.43248,-21.10676],[55.43245,-21.1063],[55.43263,-21.10553]],[[55.4329,-21.10463],[55.43263,-21.10553]],[[55.4329,-21.10463],[55.43359,-21.10373]],[[55.43359,-21.10373],[55.43361,-21.1037]],[[55.4346,-21.10343],[55.43386,-21.10354],[55.43361,-21.1037]],[[55.43771,-21.09676],[55.43751,-21.09724],[55.43746,-21.098],[55.43721,-21.0985],[55.43656,-21.0989],[55.43647,-21.09917],[55.43595,-21.09975],[55.43584,-21.10013],[55.43605,-21.10082],[55.43596,-21.1009],[55.43595,-21.10214],[55.43569,-21.10232],[55.4352,-21.10323],[55.4346,-21.10343]],[[55.43893,-21.09261],[55.43878,-21.09308],[55.43843,-21.09357],[55.43855,-21.09394],[55.43809,-21.09473],[55.43799,-21.09587],[55.43771,-21.09676]],[[55.4367,-21.09218],[55.43663,-21.0923],[55.43736,-21.09269],[55.43735,-21.09305],[55.43763,-21.0932],[55.43797,-21.09287],[55.43855,-21.09287],[55.43877,-21.09261],[55.43893,-21.09261]],[[55.43657,-21.09204],[55.4367,-21.09218]],[[55.43294,-21.08982],[55.43326,-21.08996],[55.43369,-21.08977],[55.43427,-21.09031],[55.43421,-21.09059],[55.43444,-21.09072],[55.43537,-21.09049],[55.43538,-21.09039],[55.4359,-21.0908],[55.43646,-21.09074],[55.43664,-21.09108],[55.4365,-21.09177],[55.43682,-21.09189],[55.43657,-21.09204]],[[55.43125,-21.08778],[55.43156,-21.08794],[55.43135,-21.088],[55.43129,-21.08832],[55.43188,-21.08893],[55.43178,-21.0893],[55.43219,-21.08938],[55.43294,-21.08982]],[[55.43125,-21.08778],[55.43101,-21.08777],[55.43106,-21.08768],[55.43057,-21.0879],[55.43007,-21.08773],[55.42865,-21.08682],[55.42826,-21.08632],[55.42735,-21.08584],[55.42686,-21.08519],[55.42715,-21.08477],[55.42733,-21.08477],[55.42719,-21.08463],[55.42744,-21.08469],[55.42727,-21.08452],[55.42735,-21.08453]],[[55.42735,-21.08453],[55.42712,-21.0842],[55.42691,-21.08422],[55.42702,-21.08418],[55.42699,-21.08375],[55.42716,-21.08367],[55.42684,-21.08341],[55.42705,-21.08333],[55.42692,-21.08318],[55.42697,-21.08291],[55.42717,-21.08275],[55.42732,-21.08289],[55.42761,-21.08273],[55.42767,-21.08235],[55.42749,-21.08203],[55.42727,-21.08204],[55.42703,-21.08171],[55.42665,-21.08165],[55.42651,-21.08149],[55.42671,-21.08107],[55.42669,-21.08059],[55.42688,-21.08029],[55.42668,-21.08025],[55.42657,-21.08001],[55.42629,-21.08005],[55.42647,-21.0799],[55.42596,-21.08003],[55.42594,-21.07988],[55.42528,-21.07938],[55.42477,-21.07949],[55.42466,-21.07926]],[[55.42466,-21.07926],[55.42434,-21.07918]],[[55.42434,-21.07918],[55.42411,-21.07888]],[[55.42432,-21.0785],[55.42411,-21.07888]],[[55.42432,-21.0785],[55.4239,-21.07832],[55.42349,-21.07753]],[[55.42349,-21.07753],[55.42442,-21.07635],[55.4252,-21.07645],[55.42542,-21.07629],[55.42564,-21.07584],[55.42576,-21.07606],[55.42619,-21.07567],[55.42641,-21.07523]],[[55.42641,-21.07523],[55.42697,-21.07407],[55.42747,-21.0738],[55.42887,-21.07449],[55.42938,-21.07514],[55.42943,-21.07487],[55.42967,-21.0752],[55.42984,-21.07523],[55.42978,-21.07507],[55.43036,-21.07531],[55.43064,-21.07557]],[[55.43064,-21.07557],[55.43082,-21.07562],[55.43082,-21.07551],[55.43089,-21.07558],[55.43103,-21.07545],[55.43116,-21.07562],[55.43145,-21.07545],[55.43148,-21.07575],[55.43185,-21.07566],[55.4318,-21.07582],[55.43203,-21.07583],[55.4323,-21.0757],[55.43228,-21.07596]],[[55.43228,-21.07596],[55.43251,-21.076],[55.43263,-21.07632],[55.43309,-21.07588],[55.43308,-21.07614],[55.43322,-21.07616],[55.43335,-21.07656],[55.43332,-21.07695],[55.43349,-21.07697],[55.43377,-21.07728],[55.43475,-21.07789],[55.43472,-21.07806],[55.43491,-21.07829],[55.43651,-21.07842]],[[55.43651,-21.07842],[55.43673,-21.07863]],[[55.43673,-21.07863],[55.43693,-21.0788]],[[55.43693,-21.0788],[55.43725,-21.07895]],[[55.43725,-21.07895],[55.4375,-21.07896]],[[55.4375,-21.07896],[55.43767,-21.07909]],[[55.43767,-21.07909],[55.43799,-21.0795],[55.43876,-21.07905],[55.43977,-21.07885],[55.44008,-21.07864],[55.44058,-21.07878],[55.44149,-21.07866]],[[55.44149,-21.07866],[55.44217,-21.07851],[55.44294,-21.07865]],[[55.44294,-21.07865],[55.44312,-21.07867]],[[55.44871,-21.07749],[55.44853,-21.07754],[55.44843,-21.07775],[55.44777,-21.07798],[55.4473,-21.07833],[55.44644,-21.07789],[55.44593,-21.07806],[55.44572,-21.07828],[55.44432,-21.07818],[55.44312,-21.07867]],[[55.44871,-21.07749],[55.44908,-21.07723],[55.44908,-21.07706],[55.44933,-21.07705],[55.44967,-21.07674],[55.44995,-21.07623],[55.45069,-21.07565],[55.45081,-21.07528],[55.45078,-21.07462],[55.45128,-21.0739]],[[55.45128,-21.0739],[55.45171,-21.07404],[55.4513,-21.07347],[55.45185,-21.07381],[55.45121,-21.07316],[55.45116,-21.07301],[55.4514,-21.07316],[55.45113,-21.07257],[55.45073,-21.07226],[55.45058,-21.07079],[55.45024,-21.07047],[55.44976,-21.06975],[55.44977,-21.06958],[55.44953,-21.06936],[55.44959,-21.06913],[55.44944,-21.06835],[55.44955,-21.06812],[55.4494,-21.0679],[55.44961,-21.06778],[55.44978,-21.06707],[55.45019,-21.06708],[55.45052,-21.06681],[55.4508,-21.06625],[55.45102,-21.0662]],[[55.45102,-21.0662],[55.45126,-21.06537],[55.45109,-21.06479],[55.45079,-21.06457],[55.45057,-21.06414],[55.45127,-21.06316],[55.45124,-21.06281],[55.45274,-21.06164],[55.453,-21.06095],[55.45323,-21.06091],[55.45338,-21.06068],[55.45344,-21.06077],[55.45347,-21.0606],[55.45355,-21.0607],[55.45355,-21.06055],[55.45374,-21.06042],[55.45362,-21.06014],[55.45385,-21.05999],[55.45375,-21.05969],[55.45392,-21.05947],[55.4538,-21.05931],[55.45416,-21.05886],[55.45442,-21.05866],[55.45418,-21.05911],[55.45456,-21.05879],[55.45472,-21.0584],[55.45543,-21.05832],[55.45588,-21.05797],[55.45571,-21.05736],[55.45595,-21.05713],[55.45559,-21.057],[55.45585,-21.05697],[55.45557,-21.05688],[55.4559,-21.05688],[55.45555,-21.05678],[55.45596,-21.05677],[55.45524,-21.05659],[55.45519,-21.0565],[55.45544,-21.05626],[55.45533,-21.05617],[55.45548,-21.05606],[55.45519,-21.05556],[55.45471,-21.05536],[55.45464,-21.05501]],[[55.45529,-21.04856],[55.45534,-21.04886],[55.45509,-21.04959],[55.45505,-21.05023],[55.45531,-21.05193],[55.45524,-21.05221],[55.45496,-21.05182],[55.45495,-21.05204],[55.4552,-21.05348],[55.45464,-21.05501]],[[55.45529,-21.04856],[55.45512,-21.04739],[55.4559,-21.04654],[55.45596,-21.04667],[55.45565,-21.04738],[55.45619,-21.04952],[55.457,-21.05031],[55.45732,-21.05045],[55.45753,-21.05032],[55.45753,-21.05005],[55.45673,-21.04896],[55.45665,-21.04813],[55.45732,-21.04738],[55.45673,-21.04528]],[[55.45673,-21.04528],[55.45677,-21.04518]],[[55.45677,-21.04518],[55.4573,-21.04411],[55.45766,-21.04377],[55.45799,-21.04378],[55.45847,-21.04412],[55.45837,-21.04422],[55.45797,-21.04408],[55.4578,-21.04427],[55.45781,-21.04501],[55.45768,-21.04556],[55.45781,-21.04556],[55.45811,-21.04503],[55.458,-21.04567],[55.45809,-21.04571],[55.4585,-21.04512],[55.45927,-21.04447],[55.46011,-21.04418],[55.46088,-21.04317]],[[55.46155,-21.04561],[55.4612,-21.0457],[55.4608,-21.04602],[55.46075,-21.04542],[55.46034,-21.04487],[55.46057,-21.04446],[55.46068,-21.04375],[55.461,-21.0435],[55.46088,-21.04317]],[[55.46141,-21.04664],[55.46159,-21.04602],[55.46155,-21.04561]],[[55.46456,-21.05063],[55.46432,-21.05026],[55.46296,-21.05053],[55.46287,-21.05046],[55.46299,-21.05036],[55.46295,-21.05019],[55.46264,-21.05009],[55.46245,-21.04984],[55.46244,-21.04959],[55.46159,-21.0493],[55.4614,-21.04889],[55.46104,-21.04877],[55.46093,-21.04836],[55.46073,-21.04817],[55.46074,-21.0477],[55.46086,-21.04757],[55.46105,-21.04761],[55.46101,-21.04733],[55.46141,-21.04664]],[[55.46704,-21.05258],[55.46682,-21.05216],[55.46652,-21.05205],[55.46629,-21.05173],[55.4654,-21.05147],[55.46456,-21.05063]],[[55.46767,-21.05236],[55.46704,-21.05258]],[[55.46767,-21.05236],[55.46853,-21.05254],[55.46875,-21.0524]],[[55.4695,-21.05315],[55.46875,-21.0524]],[[55.4695,-21.05315],[55.46858,-21.05519],[55.46848,-21.05566]],[[55.46848,-21.05566],[55.4687,-21.05615],[55.46923,-21.05619],[55.46932,-21.05666],[55.46965,-21.05686],[55.46995,-21.05679],[55.47017,-21.05713],[55.47031,-21.05742],[55.46991,-21.05805],[55.47042,-21.05809],[55.47103,-21.05857]],[[55.47103,-21.05857],[55.47118,-21.05894],[55.47137,-21.05892],[55.47153,-21.05857],[55.47172,-21.05845],[55.47174,-21.05822],[55.47196,-21.05816],[55.47477,-21.05844]],[[55.47477,-21.05844],[55.47823,-21.05886],[55.47851,-21.05816],[55.47927,-21.0575],[55.48044,-21.05583],[55.48059,-21.05525],[55.4813,-21.05445]],[[55.4813,-21.05445],[55.48212,-21.05335],[55.48327,-21.05323],[55.48274,-21.05293],[55.4822,-21.05284],[55.48224,-21.05269],[55.48321,-21.05254]],[[55.48321,-21.05254],[55.48428,-21.05269]],[[55.48428,-21.05269],[55.48429,-21.05235],[55.48396,-21.05215],[55.48401,-21.05209],[55.48516,-21.0522],[55.48548,-21.05297],[55.48593,-21.05287],[55.48606,-21.05301],[55.48663,-21.05378],[55.48652,-21.05415],[55.48673,-21.05425],[55.48732,-21.05424],[55.4881,-21.0539],[55.48895,-21.05381],[55.48965,-21.05383],[55.49019,-21.05409],[55.49038,-21.05404],[55.49035,-21.05393],[55.49105,-21.05417],[55.49133,-21.05404],[55.49175,-21.05424],[55.49206,-21.05418]],[[55.49206,-21.05418],[55.49239,-21.05417],[55.49272,-21.054],[55.4933,-21.0542]],[[55.4933,-21.0542],[55.49387,-21.05411],[55.4943,-21.0543],[55.49473,-21.05432],[55.49457,-21.05399],[55.4948,-21.0538],[55.49504,-21.05406],[55.49603,-21.05444],[55.49642,-21.05419],[55.49672,-21.05427],[55.4969,-21.05417],[55.49715,-21.0543],[55.49784,-21.05425],[55.49886,-21.05463],[55.49874,-21.05439],[55.49908,-21.05442],[55.4994,-21.05407]],[[55.49941,-21.05402],[55.4994,-21.05407]],[[55.50051,-21.05539],[55.50002,-21.05478],[55.49982,-21.05469],[55.49963,-21.05481],[55.49964,-21.0543],[55.49941,-21.05402]],[[55.50055,-21.05548],[55.50051,-21.05539]],[[55.50062,-21.05577],[55.50055,-21.05548]],[[55.50082,-21.05596],[55.50062,-21.05577]],[[55.50143,-21.05684],[55.50095,-21.05689],[55.50067,-21.0571],[55.50096,-21.05668],[55.5008,-21.0567],[55.50095,-21.05631],[55.50082,-21.05596]],[[55.50137,-21.05729],[55.50151,-21.05703],[55.50143,-21.05684]],[[55.50281,-21.05907],[55.50227,-21.05842],[55.50158,-21.05806],[55.50142,-21.05779],[55.50137,-21.05729]],[[55.50292,-21.05907],[55.50281,-21.05907]],[[55.50292,-21.05907],[55.50318,-21.05917],[55.50333,-21.05889],[55.50343,-21.05914],[55.50386,-21.05951],[55.50364,-21.05908],[55.50371,-21.05903],[55.50428,-21.05949],[55.5044,-21.06005],[55.50477,-21.06035],[55.50493,-21.06033],[55.50502,-21.06012],[55.50523,-21.0605],[55.50535,-21.06012],[55.50569,-21.05994],[55.5055,-21.06027],[55.50603,-21.06129],[55.50612,-21.06173],[55.50634,-21.06185],[55.50636,-21.06115],[55.5069,-21.06139],[55.5068,-21.06191]],[[55.5068,-21.06191],[55.50712,-21.06219],[55.50823,-21.06201],[55.50867,-21.06226]],[[55.50867,-21.06226],[55.50875,-21.06257],[55.50835,-21.06329],[55.50853,-21.06332],[55.50914,-21.06301]],[[55.50914,-21.06301],[55.5095,-21.06309],[55.51026,-21.0636]],[[55.51026,-21.0636],[55.51094,-21.06408]],[[55.51094,-21.06408],[55.51147,-21.0649],[55.5122,-21.06519],[55.51306,-21.06604],[55.51398,-21.06658],[55.51403,-21.06688],[55.51367,-21.06718]],[[55.51521,-21.06721],[55.51491,-21.06728],[55.51453,-21.06716],[55.51424,-21.06739],[55.51384,-21.06741],[55.51367,-21.06718]],[[55.51581,-21.06703],[55.51521,-21.06721]],[[55.51684,-21.06645],[55.51581,-21.06703]],[[55.51707,-21.06662],[55.51684,-21.06645]],[[55.51745,-21.0667],[55.51707,-21.06662]],[[55.5178,-21.0669],[55.51745,-21.0667]],[[55.51782,-21.06689],[55.5178,-21.0669]],[[55.51791,-21.0668],[55.51782,-21.06689]],[[55.51823,-21.06629],[55.51792,-21.06652],[55.51791,-21.0668]],[[55.51984,-21.06527],[55.51823,-21.06629]],[[55.52083,-21.06464],[55.51984,-21.06527]]]},"properties":{"n":"GR R1","ref":"GR R1","cat":"GR"}},{"type":"Feature","geometry":{"type":"MultiLineString","coordinates":[[[55.45539,-20.89733],[55.45496,-20.89743],[55.45465,-20.89799],[55.45452,-20.89867],[55.45387,-20.89923],[55.45392,-20.89887],[55.45361,-20.89937],[55.4537,-20.89881],[55.45343,-20.89915],[55.45288,-20.90061],[55.45258,-20.90007],[55.45197,-20.89989]],[[55.45197,-20.89989],[55.4523,-20.90029],[55.45157,-20.90007],[55.452,-20.90058],[55.45176,-20.90056],[55.45152,-20.90089],[55.45157,-20.90098],[55.45128,-20.90126],[55.45112,-20.90198]],[[55.45112,-20.90198],[55.45091,-20.90226],[55.45029,-20.90209]],[[55.45029,-20.90209],[55.44956,-20.90308],[55.44942,-20.90365],[55.44951,-20.904]],[[55.44951,-20.904],[55.44967,-20.90418],[55.44969,-20.90448],[55.44951,-20.90523],[55.44885,-20.90622],[55.44867,-20.90668],[55.44894,-20.90661],[55.44876,-20.90688],[55.44848,-20.90701],[55.44856,-20.90707]],[[55.44856,-20.90707],[55.44901,-20.90721],[55.44887,-20.90742],[55.44848,-20.90755]],[[55.44848,-20.90755],[55.4481,-20.90831],[55.44783,-20.90856],[55.44764,-20.90921],[55.44725,-20.90877],[55.44717,-20.90924],[55.44701,-20.90911],[55.44696,-20.90926]],[[55.44696,-20.90926],[55.44686,-20.90958],[55.44665,-20.90975],[55.44638,-20.91078],[55.44628,-20.91063],[55.44609,-20.91126],[55.44554,-20.91155],[55.44439,-20.91286],[55.44437,-20.91274],[55.44429,-20.91282],[55.44437,-20.91333],[55.44394,-20.91373],[55.44383,-20.91404],[55.44379,-20.9144],[55.44393,-20.91479],[55.44368,-20.91466],[55.443,-20.91669],[55.44312,-20.91672],[55.44276,-20.91709],[55.44285,-20.91711],[55.44258,-20.91745],[55.44284,-20.9174],[55.44239,-20.91797],[55.44262,-20.9178],[55.44263,-20.91837],[55.44301,-20.91883],[55.44275,-20.91928],[55.44331,-20.91901],[55.44344,-20.91906],[55.44346,-20.91934],[55.44372,-20.9193],[55.44363,-20.91946],[55.44326,-20.91984],[55.44318,-20.92008],[55.44181,-20.92089],[55.44118,-20.92162],[55.44014,-20.92206],[55.43936,-20.92258],[55.43869,-20.92266],[55.43853,-20.92225],[55.43811,-20.92207]],[[55.43811,-20.92207],[55.43789,-20.92189]],[[55.43509,-20.92217],[55.43575,-20.92185],[55.43673,-20.92209],[55.43722,-20.92197],[55.43759,-20.92214],[55.43789,-20.92189]],[[55.43508,-20.92283],[55.43526,-20.92263],[55.43509,-20.92217]],[[55.4349,-20.92291],[55.43508,-20.92283]],[[55.43488,-20.92356],[55.43472,-20.92308],[55.4349,-20.92291]],[[55.43365,-20.92784],[55.43331,-20.92703],[55.43361,-20.92674],[55.4336,-20.92603],[55.43379,-20.92562],[55.43367,-20.92533],[55.43379,-20.92459],[55.43395,-20.92439],[55.43454,-20.92427],[55.43488,-20.92356]],[[55.43353,-20.92846],[55.43365,-20.92784]],[[55.43328,-20.92929],[55.43326,-20.92897],[55.43353,-20.92846]],[[55.43386,-20.93041],[55.43352,-20.9302],[55.43328,-20.92929]],[[55.43358,-20.93144],[55.43346,-20.93079],[55.4336,-20.93053],[55.43386,-20.93041]],[[55.43355,-20.93156],[55.43358,-20.93144]],[[55.4336,-20.93295],[55.43381,-20.93242],[55.43373,-20.93208],[55.43343,-20.93189],[55.43355,-20.93156]],[[55.43354,-20.93301],[55.4336,-20.93295]],[[55.43303,-20.93897],[55.4331,-20.93827],[55.43294,-20.93759],[55.43262,-20.93713],[55.4331,-20.93626],[55.4332,-20.93506],[55.43346,-20.93455],[55.43385,-20.93422],[55.43354,-20.93352],[55.43354,-20.93301]],[[55.43295,-20.939],[55.43303,-20.93897]],[[55.43127,-20.94262],[55.43137,-20.9423],[55.43214,-20.94223],[55.43184,-20.9411],[55.43128,-20.94066],[55.43071,-20.94058],[55.43038,-20.94031],[55.42996,-20.9402],[55.42986,-20.9397],[55.42955,-20.9394],[55.42955,-20.93924],[55.43006,-20.93881],[55.43037,-20.93914],[55.43062,-20.93908],[55.43103,-20.93922],[55.43115,-20.93867],[55.43153,-20.93871],[55.43207,-20.93832],[55.43295,-20.939]],[[55.43703,-20.95204],[55.43657,-20.95188],[55.43649,-20.95121],[55.43585,-20.94961],[55.43519,-20.94862],[55.43453,-20.94862],[55.43286,-20.94813],[55.43312,-20.94777],[55.43293,-20.94738],[55.43117,-20.94568],[55.43103,-20.94526],[55.43142,-20.94435],[55.43138,-20.94372],[55.43157,-20.9433],[55.43082,-20.94353],[55.43067,-20.94344],[55.4312,-20.94313],[55.43127,-20.94262]],[[55.43703,-20.95204],[55.43681,-20.95208],[55.43677,-20.95228],[55.43715,-20.95321],[55.43728,-20.9532],[55.43725,-20.95355],[55.43737,-20.95352],[55.43731,-20.95358],[55.43752,-20.95384],[55.43762,-20.95382],[55.43755,-20.95396],[55.43796,-20.9543],[55.43819,-20.95502],[55.43835,-20.95514],[55.43825,-20.9555],[55.43833,-20.95576],[55.43815,-20.95623],[55.43837,-20.9566],[55.43825,-20.95668],[55.43832,-20.95688],[55.43809,-20.95716],[55.4383,-20.95726],[55.43822,-20.95748],[55.43861,-20.95761],[55.43853,-20.95794],[55.43864,-20.95814],[55.43896,-20.95818],[55.43918,-20.95842],[55.43914,-20.95877],[55.43938,-20.95882],[55.43923,-20.95907],[55.43948,-20.95927],[55.43943,-20.95957],[55.43997,-20.9597],[55.43999,-20.95996],[55.44016,-20.95998],[55.44006,-20.96021],[55.44023,-20.96026],[55.43999,-20.96066],[55.4403,-20.96094],[55.44033,-20.96163],[55.43998,-20.96217],[55.44019,-20.96237],[55.44013,-20.96219],[55.44034,-20.962],[55.44022,-20.96213],[55.44047,-20.9625],[55.44029,-20.96284],[55.44041,-20.96306],[55.43978,-20.96348],[55.43982,-20.96363],[55.43969,-20.96373],[55.43985,-20.96397],[55.4397,-20.96415],[55.43992,-20.96455],[55.43956,-20.96522],[55.43969,-20.96533],[55.43998,-20.96527],[55.44026,-20.96537],[55.4404,-20.96578],[55.44013,-20.96625],[55.44008,-20.96675],[55.44022,-20.96699],[55.44022,-20.96734],[55.44007,-20.96751],[55.44051,-20.96833],[55.44049,-20.96857],[55.44029,-20.96951],[55.43997,-20.97015],[55.44103,-20.97168],[55.44103,-20.97215],[55.44164,-20.97264],[55.4418,-20.97315],[55.44213,-20.97335],[55.44238,-20.97334],[55.44269,-20.97409],[55.44288,-20.97399],[55.44304,-20.97425],[55.44335,-20.97605],[55.44373,-20.97738],[55.44423,-20.97774],[55.44478,-20.97877],[55.44547,-20.97945],[55.44605,-20.98045],[55.44639,-20.98148],[55.44625,-20.98268],[55.44651,-20.98339],[55.44635,-20.98372],[55.44639,-20.98417],[55.44618,-20.98425],[55.44583,-20.98409],[55.44546,-20.98424],[55.44534,-20.98445],[55.44555,-20.98488],[55.44551,-20.98505],[55.44537,-20.98504],[55.44541,-20.98518],[55.44495,-20.98541],[55.4444,-20.9853],[55.44346,-20.98617],[55.44353,-20.98649],[55.44326,-20.98687],[55.44329,-20.98706],[55.4441,-20.98775],[55.44417,-20.98812]],[[55.44417,-20.98812],[55.44377,-20.98882],[55.44303,-20.98924],[55.44266,-20.99007],[55.44263,-20.99053],[55.44233,-20.99078],[55.44154,-20.9909],[55.44121,-20.99069],[55.44123,-20.99032],[55.4408,-20.98947],[55.44088,-20.98932],[55.44076,-20.98906],[55.44029,-20.98859],[55.43937,-20.98801],[55.43736,-20.98772],[55.43696,-20.98745],[55.43549,-20.98746],[55.43531,-20.98731],[55.43435,-20.98741],[55.43416,-20.98729],[55.43351,-20.98731],[55.4332,-20.98753],[55.43297,-20.98754],[55.43201,-20.98724],[55.43133,-20.98752],[55.4309,-20.98753],[55.43005,-20.98737],[55.42969,-20.98718],[55.42908,-20.98725],[55.42736,-20.98639],[55.42677,-20.98643],[55.42653,-20.98656],[55.42591,-20.98653],[55.42564,-20.98668],[55.4239,-20.98611],[55.42268,-20.98522],[55.42024,-20.98376],[55.41943,-20.98305],[55.41884,-20.98311],[55.41755,-20.9829],[55.41633,-20.9831],[55.41554,-20.98283],[55.41269,-20.98253],[55.41143,-20.98296],[55.40952,-20.98305],[55.40903,-20.98297]],[[55.40903,-20.98297],[55.40826,-20.98335],[55.40702,-20.98306],[55.40558,-20.98337],[55.40507,-20.98334],[55.40392,-20.98291],[55.40361,-20.98294],[55.40253,-20.98372]],[[55.40253,-20.98372],[55.40235,-20.98386]],[[55.40235,-20.98386],[55.40138,-20.98464],[55.3983,-20.98648],[55.39617,-20.98712],[55.39558,-20.98739],[55.39555,-20.98753],[55.39505,-20.98763]],[[55.39505,-20.98763],[55.39503,-20.98774],[55.39488,-20.98775]],[[55.39488,-20.98775],[55.3946,-20.98768],[55.39469,-20.98756],[55.39385,-20.98766],[55.39315,-20.98795],[55.39221,-20.98877],[55.39149,-20.98906],[55.39081,-20.98972],[55.38989,-20.99021],[55.38957,-20.99074],[55.38902,-20.99061],[55.38899,-20.99072],[55.38888,-20.99057],[55.38828,-20.99033],[55.38828,-20.99042],[55.38778,-20.99017],[55.38731,-20.99014],[55.38685,-20.98984],[55.3867,-20.98946]],[[55.3867,-20.98946],[55.38667,-20.98942]],[[55.38667,-20.98942],[55.38656,-20.98931]],[[55.38656,-20.98931],[55.3867,-20.98926]],[[55.3867,-20.98926],[55.38669,-20.98921]],[[55.38669,-20.98921],[55.38663,-20.98918]],[[55.38663,-20.98918],[55.38682,-20.98901]],[[55.3844,-20.98417],[55.38485,-20.98425],[55.38535,-20.98461],[55.38578,-20.98549],[55.38608,-20.98541],[55.38643,-20.98467],[55.38686,-20.98526],[55.38749,-20.98573],[55.38739,-20.986],[55.38683,-20.98594],[55.38615,-20.98645],[55.38635,-20.98755],[55.38554,-20.98739],[55.38493,-20.98833],[55.38514,-20.98845],[55.38537,-20.98811],[55.38562,-20.98804],[55.38586,-20.98864],[55.38603,-20.98877],[55.38757,-20.9885],[55.38682,-20.98901]],[[55.37712,-20.98255],[55.37705,-20.98275],[55.37743,-20.98273],[55.37769,-20.98252],[55.37786,-20.98286],[55.37825,-20.98319],[55.37822,-20.98331],[55.37754,-20.9835],[55.37824,-20.984],[55.3788,-20.98483],[55.37967,-20.9852],[55.37961,-20.98567],[55.38045,-20.98609],[55.38175,-20.9864],[55.38203,-20.98669],[55.3827,-20.98701],[55.38308,-20.98701],[55.38386,-20.9867],[55.38397,-20.98581],[55.38419,-20.98519],[55.38419,-20.98475],[55.38402,-20.98441],[55.3844,-20.98417]],[[55.37407,-20.98168],[55.37471,-20.98199],[55.37582,-20.98231],[55.37621,-20.98198],[55.37712,-20.98255]],[[55.37407,-20.98168],[55.37378,-20.98257],[55.37443,-20.98293],[55.37425,-20.983],[55.37521,-20.98357],[55.37536,-20.98415],[55.37577,-20.98443],[55.37624,-20.9853],[55.37618,-20.98597],[55.37575,-20.98654],[55.37583,-20.98686],[55.37598,-20.98694],[55.37598,-20.98727],[55.37617,-20.98746],[55.37611,-20.98761],[55.37593,-20.98745],[55.37605,-20.98766],[55.37572,-20.98753],[55.3759,-20.98774],[55.37588,-20.988],[55.37606,-20.98811],[55.37614,-20.98857],[55.37605,-20.98863],[55.37587,-20.98832],[55.37573,-20.9887],[55.37601,-20.98888],[55.37586,-20.98894],[55.37559,-20.98882],[55.37578,-20.98904],[55.37549,-20.98895],[55.37557,-20.98922],[55.37523,-20.98887],[55.37537,-20.98936],[55.37548,-20.9895],[55.37604,-20.98952],[55.37646,-20.98993],[55.37695,-20.9899],[55.37716,-20.99057],[55.37763,-20.99075],[55.37774,-20.99115],[55.37752,-20.99158],[55.37761,-20.99207],[55.37745,-20.99277],[55.37784,-20.99292],[55.3784,-20.99347],[55.37846,-20.99375],[55.37837,-20.99392],[55.37851,-20.99407],[55.3783,-20.99398],[55.37833,-20.99414],[55.37872,-20.99429],[55.38062,-20.99395],[55.38136,-20.99434],[55.38163,-20.99461],[55.38147,-20.99461],[55.38158,-20.99474],[55.38144,-20.99477],[55.38156,-20.99486],[55.38186,-20.99476],[55.38176,-20.9949],[55.38196,-20.99491],[55.38185,-20.99502],[55.38193,-20.99504],[55.38298,-20.99479],[55.38348,-20.99489],[55.38354,-20.99463],[55.3837,-20.99474],[55.38374,-20.99457],[55.38398,-20.99454],[55.38448,-20.99501],[55.3844,-20.99526],[55.38491,-20.99554],[55.38479,-20.99589],[55.38486,-20.99614],[55.38547,-20.99661],[55.38572,-20.99666],[55.38617,-20.99728],[55.38693,-20.99727],[55.38764,-20.99789],[55.38786,-20.99785],[55.3877,-20.99804],[55.38804,-20.9981],[55.38787,-20.99826],[55.38867,-20.9987],[55.38906,-20.99921],[55.38935,-20.99934],[55.38951,-20.99993]],[[55.38951,-20.99993],[55.38948,-21.00041],[55.38935,-21.00063],[55.38946,-21.00072],[55.38946,-21.00105],[55.39011,-21.0012]],[[55.39011,-21.0012],[55.39053,-21.00127],[55.39125,-21.00184],[55.39264,-21.00327]],[[55.39264,-21.00327],[55.39365,-21.00419],[55.39434,-21.00438],[55.39452,-21.00489],[55.3947,-21.00508],[55.39497,-21.00511],[55.39535,-21.00559],[55.39555,-21.0066],[55.39609,-21.0072],[55.39626,-21.00723],[55.39648,-21.00752],[55.39783,-21.00798],[55.39919,-21.00912],[55.3999,-21.01066],[55.40039,-21.01121],[55.40023,-21.01234],[55.40038,-21.01264],[55.40037,-21.01326],[55.40073,-21.01336],[55.40088,-21.01317],[55.40112,-21.01313],[55.40121,-21.01284],[55.40126,-21.01346],[55.4017,-21.01373],[55.40169,-21.01393],[55.40187,-21.0142],[55.40247,-21.01463],[55.40305,-21.01537],[55.40344,-21.01554],[55.40372,-21.01599],[55.40392,-21.01588],[55.40457,-21.01618],[55.40445,-21.01641],[55.40464,-21.01686],[55.40479,-21.01789],[55.40461,-21.0182],[55.40483,-21.01873],[55.40554,-21.01924],[55.4061,-21.01949],[55.40629,-21.01946],[55.40632,-21.0196],[55.40672,-21.01986],[55.40747,-21.02009],[55.4076,-21.02032],[55.40765,-21.02103],[55.40798,-21.02092],[55.40813,-21.021],[55.40803,-21.02162],[55.40821,-21.02191]],[[55.40821,-21.02191],[55.40844,-21.02149],[55.40894,-21.02221],[55.40941,-21.0212],[55.4098,-21.02209],[55.41025,-21.02173],[55.4107,-21.02155],[55.41117,-21.02212],[55.4114,-21.02349],[55.41204,-21.02379],[55.41285,-21.02473],[55.41374,-21.02498],[55.41363,-21.025],[55.41419,-21.02522],[55.41428,-21.02538],[55.41459,-21.02536],[55.41508,-21.02569],[55.41549,-21.0258],[55.41568,-21.02574],[55.41561,-21.02565],[55.41584,-21.02574],[55.4169,-21.02547],[55.41674,-21.02535],[55.4169,-21.02534],[55.41667,-21.02519],[55.41682,-21.02518],[55.41672,-21.0251],[55.41727,-21.02522],[55.41787,-21.02561],[55.41855,-21.02549],[55.41868,-21.02572],[55.4188,-21.02566],[55.41885,-21.02585],[55.41922,-21.02561],[55.41926,-21.0253],[55.41938,-21.02556],[55.41923,-21.02588],[55.41948,-21.02557],[55.41955,-21.02604],[55.41975,-21.02607],[55.42091,-21.02506],[55.42124,-21.02435],[55.42153,-21.02404],[55.42145,-21.02365],[55.42169,-21.02306],[55.42145,-21.02125],[55.42192,-21.02045],[55.42205,-21.01992],[55.42267,-21.01978],[55.4233,-21.02012],[55.42352,-21.02012],[55.42495,-21.01953]],[[55.42489,-21.02007],[55.42495,-21.01953]],[[55.42489,-21.02008],[55.42489,-21.02007]],[[55.42465,-21.02203],[55.42448,-21.0214],[55.42477,-21.02078],[55.42489,-21.02008]],[[55.42573,-21.02362],[55.42585,-21.02369],[55.42586,-21.02323],[55.42573,-21.02325],[55.42568,-21.02303],[55.42556,-21.02312],[55.42564,-21.02294],[55.42554,-21.023],[55.42561,-21.02264],[55.42548,-21.02258],[55.42548,-21.02228],[55.42505,-21.02233],[55.42465,-21.02203]],[[55.42684,-21.02405],[55.42613,-21.02437],[55.4259,-21.02436],[55.42565,-21.02382],[55.42577,-21.02388],[55.42573,-21.02362]],[[55.42701,-21.02406],[55.42684,-21.02405]],[[55.42941,-21.03435],[55.42929,-21.03419],[55.42943,-21.03402],[55.4294,-21.03359],[55.4287,-21.03331],[55.42875,-21.03301],[55.42808,-21.03245],[55.428,-21.03174],[55.42811,-21.03173],[55.42793,-21.03136],[55.42834,-21.0308],[55.42856,-21.03073],[55.4286,-21.03059],[55.42877,-21.03063],[55.42884,-21.03042],[55.42869,-21.03021],[55.42878,-21.02999],[55.43017,-21.02971],[55.42964,-21.02906],[55.42975,-21.02899],[55.42925,-21.02862],[55.42911,-21.02799],[55.42865,-21.02724],[55.42843,-21.02728],[55.42838,-21.02577],[55.42802,-21.02521],[55.42785,-21.02451],[55.42761,-21.0244],[55.42744,-21.02411],[55.42701,-21.02406]],[[55.42941,-21.03435],[55.42967,-21.03458],[55.4297,-21.03477],[55.42954,-21.03484],[55.4295,-21.03505],[55.42923,-21.03505],[55.42917,-21.03521],[55.42869,-21.03537],[55.42819,-21.0354],[55.42791,-21.03526],[55.42783,-21.03549],[55.42763,-21.03512],[55.42744,-21.03559],[55.42728,-21.0353],[55.42727,-21.03549],[55.42718,-21.03539],[55.42711,-21.03559],[55.42703,-21.03553],[55.42711,-21.03567],[55.42697,-21.03557],[55.42702,-21.0357],[55.42689,-21.03565],[55.42706,-21.03585]],[[55.42706,-21.03585],[55.42704,-21.0359]],[[55.42704,-21.0359],[55.42718,-21.03612],[55.42674,-21.03616],[55.42679,-21.03641],[55.42654,-21.0363],[55.42666,-21.03646],[55.42692,-21.03649],[55.42687,-21.0366],[55.42717,-21.03682],[55.4264,-21.03649],[55.42591,-21.03603],[55.42589,-21.03614],[55.42727,-21.03769],[55.42833,-21.03843],[55.42873,-21.03885],[55.42887,-21.03911],[55.4285,-21.03917],[55.42857,-21.03934]],[[55.42857,-21.03934],[55.42857,-21.03936]],[[55.42857,-21.03936],[55.4284,-21.0397],[55.42746,-21.03953],[55.42656,-21.04011]],[[55.42656,-21.04011],[55.42593,-21.04082],[55.42563,-21.04082],[55.42541,-21.0405],[55.42501,-21.04041],[55.42491,-21.04108],[55.42446,-21.04114],[55.42456,-21.04129],[55.42428,-21.0414],[55.42419,-21.04174],[55.42431,-21.0428],[55.42443,-21.04298]],[[55.42443,-21.04298],[55.42438,-21.0432]],[[55.42438,-21.0432],[55.42463,-21.04344],[55.42485,-21.0434],[55.42473,-21.04353],[55.42473,-21.04363],[55.42489,-21.04362],[55.42492,-21.04446],[55.42477,-21.04464],[55.42465,-21.04437],[55.42451,-21.04438],[55.42457,-21.04455],[55.42445,-21.0445],[55.42445,-21.04465],[55.42433,-21.04454],[55.42428,-21.0447],[55.42421,-21.04458],[55.42416,-21.04472],[55.42387,-21.04464],[55.4239,-21.04477],[55.42377,-21.04485],[55.42321,-21.04436],[55.42301,-21.04444],[55.42263,-21.04419],[55.42245,-21.04442],[55.42183,-21.04435],[55.42165,-21.0441],[55.42137,-21.04405],[55.42143,-21.0439],[55.42129,-21.04372],[55.4211,-21.04373]],[[55.4211,-21.04373],[55.42049,-21.04376],[55.41962,-21.04344],[55.41935,-21.04345],[55.41918,-21.04354],[55.41919,-21.04366],[55.41909,-21.04356],[55.41908,-21.04368],[55.41896,-21.04355],[55.41875,-21.04438],[55.41854,-21.04465],[55.41755,-21.0443],[55.41682,-21.04436],[55.41608,-21.04384]],[[55.41608,-21.04384],[55.4161,-21.04327],[55.41589,-21.04282],[55.41525,-21.04203],[55.41455,-21.04165],[55.41431,-21.04167],[55.41424,-21.0418],[55.41369,-21.0418]],[[55.41369,-21.0418],[55.4137,-21.0416],[55.41345,-21.04135],[55.41264,-21.04107],[55.41191,-21.04043],[55.41185,-21.03984],[55.4115,-21.03964],[55.41111,-21.03891]],[[55.40978,-21.03845],[55.4104,-21.03846],[55.41077,-21.03883],[55.41111,-21.03891]],[[55.40653,-21.03869],[55.40678,-21.03879],[55.40676,-21.03866],[55.40706,-21.03849],[55.4071,-21.03868],[55.40727,-21.03877],[55.40737,-21.03843],[55.40743,-21.03861],[55.40759,-21.03844],[55.40762,-21.03858],[55.40858,-21.03842],[55.40854,-21.03859],[55.40867,-21.03857],[55.40869,-21.03872],[55.4091,-21.03883],[55.40978,-21.03845]],[[55.4048,-21.03404],[55.40474,-21.03421],[55.40505,-21.03485],[55.40522,-21.03591],[55.40543,-21.03603],[55.40531,-21.03617],[55.40536,-21.03739],[55.40518,-21.03774],[55.40523,-21.03793],[55.40623,-21.03835],[55.40653,-21.03869]],[[55.40143,-21.0332],[55.40162,-21.03394],[55.40209,-21.03423],[55.40242,-21.03429],[55.40283,-21.0341],[55.40314,-21.03419],[55.40336,-21.03443],[55.40385,-21.03438],[55.40403,-21.0345],[55.40423,-21.03417],[55.4048,-21.03404]],[[55.40124,-21.03319],[55.40143,-21.0332]],[[55.39801,-21.03529],[55.39841,-21.03452],[55.39857,-21.03445],[55.39865,-21.03381],[55.39889,-21.03322],[55.39917,-21.0335],[55.39934,-21.03349],[55.39946,-21.03391],[55.39962,-21.03384],[55.39957,-21.03409],[55.39994,-21.03414],[55.39989,-21.03428],[55.40011,-21.0342],[55.40024,-21.03465],[55.40058,-21.03386],[55.40039,-21.03368],[55.40046,-21.03356],[55.40021,-21.03314],[55.40033,-21.03312],[55.40027,-21.03294],[55.40082,-21.03307],[55.40069,-21.03286],[55.40075,-21.03272],[55.40092,-21.03282],[55.40089,-21.03266],[55.40124,-21.03319]],[[55.39421,-21.03679],[55.39489,-21.03688],[55.39514,-21.03662],[55.3954,-21.03664],[55.3952,-21.03593],[55.39548,-21.03585],[55.39546,-21.03562],[55.3958,-21.03543],[55.39593,-21.03499],[55.39641,-21.03495],[55.39686,-21.03474],[55.397,-21.03483],[55.39707,-21.03471],[55.39724,-21.03512],[55.39713,-21.0353],[55.39727,-21.03555],[55.3975,-21.03534],[55.39764,-21.03544],[55.39794,-21.0352],[55.39801,-21.03529]],[[55.39156,-21.04233],[55.39226,-21.04144],[55.39254,-21.04089],[55.39247,-21.0407],[55.39262,-21.04033],[55.39245,-21.03952],[55.39254,-21.03929],[55.39228,-21.03876],[55.39289,-21.03824],[55.39287,-21.03784],[55.39315,-21.03755],[55.39335,-21.037],[55.39374,-21.03679],[55.39393,-21.03688],[55.39421,-21.03679]],[[55.39156,-21.04233],[55.39154,-21.04331],[55.39132,-21.04346],[55.3911,-21.04321]],[[55.39084,-21.04533],[55.39053,-21.04522],[55.39041,-21.04468],[55.39054,-21.0439],[55.3911,-21.04321]],[[55.39114,-21.05409],[55.39108,-21.05329],[55.39173,-21.05141],[55.39143,-21.04986],[55.39184,-21.04887],[55.39181,-21.0484],[55.39126,-21.0474],[55.39124,-21.04713],[55.39142,-21.04675],[55.39139,-21.04626],[55.3915,-21.0461],[55.3914,-21.04614],[55.39151,-21.04591],[55.39181,-21.04578],[55.39151,-21.04576],[55.39161,-21.04564],[55.39131,-21.04576],[55.39146,-21.04562],[55.39105,-21.0458],[55.3912,-21.04561],[55.3908,-21.0456],[55.39107,-21.04553],[55.39074,-21.04544],[55.39107,-21.04538],[55.39084,-21.04533]],[[55.39169,-21.05478],[55.39114,-21.05409]],[[55.39504,-21.05803],[55.39518,-21.05723],[55.39506,-21.05694],[55.39453,-21.05663],[55.39455,-21.05677],[55.39444,-21.05667],[55.39439,-21.05677],[55.39426,-21.05669],[55.39397,-21.05681],[55.39396,-21.0567],[55.39386,-21.05681],[55.39423,-21.05696],[55.39397,-21.05697],[55.39408,-21.05703],[55.39391,-21.05715],[55.39371,-21.057],[55.39386,-21.05727],[55.39359,-21.05726],[55.39256,-21.05613],[55.39197,-21.05572],[55.39176,-21.05533],[55.39169,-21.05478]],[[55.39907,-21.06801],[55.39861,-21.06756],[55.39858,-21.06728],[55.39806,-21.06703],[55.39749,-21.06637],[55.39773,-21.06595],[55.39754,-21.06558],[55.39793,-21.06495],[55.3979,-21.06389],[55.39824,-21.06301],[55.39818,-21.06264],[55.39792,-21.06238],[55.39769,-21.06234],[55.39751,-21.06166],[55.39689,-21.06154],[55.3967,-21.06123],[55.39634,-21.06118],[55.39577,-21.06084],[55.39557,-21.06057],[55.3954,-21.05916],[55.39504,-21.05803]],[[55.39908,-21.06804],[55.39907,-21.06801]],[[55.39897,-21.06845],[55.39908,-21.06804]],[[55.39897,-21.0685],[55.39897,-21.06845]],[[55.39899,-21.06881],[55.39909,-21.06863],[55.39897,-21.0685]],[[55.39902,-21.06884],[55.39899,-21.06881]],[[55.40041,-21.06981],[55.40033,-21.06961],[55.39998,-21.06949],[55.39964,-21.06892],[55.39902,-21.06884]],[[55.40052,-21.06993],[55.40041,-21.06981]],[[55.40056,-21.06996],[55.40052,-21.06993]],[[55.41712,-21.06526],[55.41722,-21.06572],[55.41697,-21.06567],[55.41708,-21.06589],[55.41678,-21.06634],[55.41684,-21.06648],[55.41641,-21.06678],[55.41662,-21.06692],[55.4164,-21.06704],[55.41643,-21.06736],[55.41628,-21.06718],[55.41631,-21.0674],[55.4162,-21.06729],[55.41591,-21.06767],[55.41587,-21.06749],[55.41578,-21.06772],[55.41565,-21.06734],[55.41548,-21.06747],[55.4154,-21.06736],[55.41531,-21.06747],[55.41527,-21.06735],[55.41518,-21.06746],[55.41491,-21.06739],[55.41479,-21.06767],[55.41434,-21.06803],[55.41369,-21.06835],[55.41364,-21.06817],[55.41349,-21.06831],[55.41302,-21.06836],[55.41278,-21.06855],[55.41283,-21.06868],[55.41164,-21.06832],[55.41158,-21.0685],[55.41112,-21.06838],[55.41108,-21.06852],[55.41084,-21.06851],[55.41061,-21.0682],[55.41056,-21.0684],[55.40993,-21.06792],[55.40993,-21.06809],[55.40957,-21.06787],[55.40921,-21.06731],[55.40904,-21.06779],[55.40828,-21.06798],[55.40748,-21.06763],[55.40664,-21.06774],[55.40644,-21.0675],[55.40625,-21.06749],[55.40582,-21.06769],[55.40551,-21.06803],[55.40389,-21.06834],[55.4036,-21.06858],[55.40334,-21.06862],[55.40324,-21.06893],[55.40291,-21.069],[55.40222,-21.06971],[55.40163,-21.07003],[55.40137,-21.07001],[55.40107,-21.07017],[55.40084,-21.06998],[55.40056,-21.06996]],[[55.41708,-21.06481],[55.41712,-21.06526]],[[55.41751,-21.06679],[55.41776,-21.06637],[55.41755,-21.0659],[55.41758,-21.06564],[55.41727,-21.06496],[55.41708,-21.06481]],[[55.41761,-21.06685],[55.41751,-21.06679]],[[55.42294,-21.07302],[55.42271,-21.07233],[55.4227,-21.07219],[55.42284,-21.0721],[55.42266,-21.07184],[55.42267,-21.07147],[55.42292,-21.07107],[55.42281,-21.07079],[55.42322,-21.07022],[55.42342,-21.06968],[55.42328,-21.06931],[55.42353,-21.06944],[55.42377,-21.06913],[55.42366,-21.06886],[55.42395,-21.06882],[55.42279,-21.0681],[55.4229,-21.06837],[55.42277,-21.06822],[55.42283,-21.0684],[55.42268,-21.06826],[55.42256,-21.06828],[55.42262,-21.06839],[55.42249,-21.0683],[55.42256,-21.06843],[55.42238,-21.06832],[55.42248,-21.06864],[55.42225,-21.0684],[55.42223,-21.06852],[55.42219,-21.06833],[55.42217,-21.06847],[55.42212,-21.06829],[55.42207,-21.06861],[55.42204,-21.06819],[55.42182,-21.06835],[55.42179,-21.0682],[55.42173,-21.06841],[55.42161,-21.06801],[55.42152,-21.06805],[55.42153,-21.06792],[55.42146,-21.06803],[55.42134,-21.06787],[55.42146,-21.06838],[55.42116,-21.06822],[55.42131,-21.06882],[55.42108,-21.06865],[55.42114,-21.06874],[55.42098,-21.06874],[55.42104,-21.06882],[55.42091,-21.06867],[55.42101,-21.06889],[55.42082,-21.06864],[55.42089,-21.06891],[55.4207,-21.0688],[55.42065,-21.06858],[55.4206,-21.06883],[55.42072,-21.06897],[55.4204,-21.06929],[55.42038,-21.06919],[55.42015,-21.06927],[55.41972,-21.06903],[55.41958,-21.06908],[55.41978,-21.06932],[55.41971,-21.06944],[55.41932,-21.06915],[55.41925,-21.06921],[55.4194,-21.06864],[55.41921,-21.06862],[55.41894,-21.06895],[55.41893,-21.06882],[55.41885,-21.06907],[55.4188,-21.06893],[55.41862,-21.06916],[55.41851,-21.06887],[55.41837,-21.06895],[55.41871,-21.06832],[55.41819,-21.06881],[55.41826,-21.0686],[55.41806,-21.06883],[55.41787,-21.06883],[55.41812,-21.06851],[55.41804,-21.06818],[55.41817,-21.06803],[55.41813,-21.06795],[55.41808,-21.06807],[55.41808,-21.06792],[55.41797,-21.06806],[55.41792,-21.06796],[55.41817,-21.06762],[55.41761,-21.06685]],[[55.42294,-21.07302],[55.42331,-21.07379],[55.42315,-21.07423],[55.42282,-21.07459]],[[55.42282,-21.07459],[55.42296,-21.07487],[55.42294,-21.07598]],[[55.42294,-21.07598],[55.4232,-21.07619]],[[55.4232,-21.07619],[55.42315,-21.07666]],[[55.42327,-21.07747],[55.42309,-21.07685],[55.42315,-21.07666]],[[55.42327,-21.07747],[55.42349,-21.07753]],[[55.42432,-21.0785],[55.4239,-21.07832],[55.42349,-21.07753]],[[55.42432,-21.0785],[55.42411,-21.07888]],[[55.42434,-21.07918],[55.42411,-21.07888]],[[55.42466,-21.07926],[55.42434,-21.07918]],[[55.42735,-21.08453],[55.42712,-21.0842],[55.42691,-21.08422],[55.42702,-21.08418],[55.42699,-21.08375],[55.42716,-21.08367],[55.42684,-21.08341],[55.42705,-21.08333],[55.42692,-21.08318],[55.42697,-21.08291],[55.42717,-21.08275],[55.42732,-21.08289],[55.42761,-21.08273],[55.42767,-21.08235],[55.42749,-21.08203],[55.42727,-21.08204],[55.42703,-21.08171],[55.42665,-21.08165],[55.42651,-21.08149],[55.42671,-21.08107],[55.42669,-21.08059],[55.42688,-21.08029],[55.42668,-21.08025],[55.42657,-21.08001],[55.42629,-21.08005],[55.42647,-21.0799],[55.42596,-21.08003],[55.42594,-21.07988],[55.42528,-21.07938],[55.42477,-21.07949],[55.42466,-21.07926]],[[55.43125,-21.08778],[55.43101,-21.08777],[55.43106,-21.08768],[55.43057,-21.0879],[55.43007,-21.08773],[55.42865,-21.08682],[55.42826,-21.08632],[55.42735,-21.08584],[55.42686,-21.08519],[55.42715,-21.08477],[55.42733,-21.08477],[55.42719,-21.08463],[55.42744,-21.08469],[55.42727,-21.08452],[55.42735,-21.08453]],[[55.43125,-21.08778],[55.43156,-21.08794],[55.43135,-21.088],[55.43129,-21.08832],[55.43188,-21.08893],[55.43178,-21.0893],[55.43219,-21.08938],[55.43294,-21.08982]],[[55.43294,-21.08982],[55.43311,-21.09043],[55.43358,-21.09132],[55.43367,-21.09194],[55.43415,-21.09192],[55.4343,-21.09211],[55.43417,-21.09302],[55.43441,-21.09315],[55.43434,-21.09337],[55.43458,-21.09342],[55.43494,-21.09381],[55.43584,-21.09423],[55.43608,-21.09486],[55.4363,-21.0946],[55.43647,-21.09487],[55.43695,-21.095],[55.43752,-21.09538],[55.43744,-21.096],[55.43751,-21.09652],[55.43771,-21.09676]],[[55.43771,-21.09676],[55.43751,-21.09724],[55.43746,-21.098],[55.43721,-21.0985],[55.43656,-21.0989],[55.43647,-21.09917],[55.43595,-21.09975],[55.43584,-21.10013],[55.43605,-21.10082],[55.43596,-21.1009],[55.43595,-21.10214],[55.43569,-21.10232],[55.4352,-21.10323],[55.4346,-21.10343]],[[55.4346,-21.10343],[55.43386,-21.10354],[55.43361,-21.1037]],[[55.43359,-21.10373],[55.43361,-21.1037]],[[55.4329,-21.10463],[55.43359,-21.10373]],[[55.4329,-21.10463],[55.43263,-21.10553]],[[55.43248,-21.10676],[55.43245,-21.1063],[55.43263,-21.10553]],[[55.43272,-21.11252],[55.43241,-21.11267],[55.43236,-21.11253],[55.43214,-21.11268],[55.43213,-21.11254],[55.43183,-21.11273],[55.43188,-21.11264],[55.43173,-21.11262],[55.43185,-21.1125],[55.43164,-21.11256],[55.4319,-21.11233],[55.43169,-21.1123],[55.43194,-21.11194],[55.43177,-21.11206],[55.43179,-21.11161],[55.43168,-21.11169],[55.43178,-21.11129],[55.43163,-21.11132],[55.43168,-21.1111],[55.4315,-21.11089],[55.43154,-21.11039],[55.43234,-21.11009],[55.43232,-21.10995],[55.43246,-21.10996],[55.43237,-21.10985],[55.43255,-21.10981],[55.4329,-21.10998],[55.43275,-21.10974],[55.43294,-21.10978],[55.43309,-21.10929],[55.43299,-21.10933],[55.43296,-21.1092],[55.43327,-21.10881],[55.43313,-21.10853],[55.43291,-21.10856],[55.4326,-21.10834],[55.43263,-21.10811],[55.43246,-21.10812],[55.43256,-21.10795],[55.43241,-21.10794],[55.43256,-21.10782],[55.43239,-21.1078],[55.43239,-21.10739],[55.43225,-21.10717],[55.43248,-21.10676]],[[55.43495,-21.11318],[55.43451,-21.11328],[55.43464,-21.11311],[55.43439,-21.1132],[55.43402,-21.11301],[55.43418,-21.11299],[55.43387,-21.1129],[55.43361,-21.11332],[55.43325,-21.11298],[55.43287,-21.11291],[55.43297,-21.11279],[55.43269,-21.11284],[55.4328,-21.11268],[55.43272,-21.11252]],[[55.43506,-21.11321],[55.43495,-21.11318]],[[55.44478,-21.11349],[55.44424,-21.1133],[55.44375,-21.11282],[55.44371,-21.11262],[55.44294,-21.11217],[55.44234,-21.1115],[55.44186,-21.11141],[55.44135,-21.11164],[55.44098,-21.11153],[55.44088,-21.11135],[55.4407,-21.1115],[55.44046,-21.11133],[55.44044,-21.11161],[55.44025,-21.11172],[55.44042,-21.11192],[55.44051,-21.11256],[55.44048,-21.11268],[55.4404,-21.11262],[55.4405,-21.11281],[55.44035,-21.11282],[55.44033,-21.11302],[55.44025,-21.11291],[55.44031,-21.11331],[55.44003,-21.11327],[55.43991,-21.11343],[55.43972,-21.1133],[55.4397,-21.11341],[55.43896,-21.11377],[55.43799,-21.11346],[55.43781,-21.11365],[55.43732,-21.11381],[55.43658,-21.11366],[55.43617,-21.11326],[55.43596,-21.11345],[55.43565,-21.11336],[55.43528,-21.11358],[55.4353,-21.11335],[55.43515,-21.11345],[55.43518,-21.11319],[55.43506,-21.11321]],[[55.44877,-21.11335],[55.44744,-21.11249],[55.44743,-21.11286],[55.44719,-21.11264],[55.44721,-21.11289],[55.44694,-21.11334],[55.44628,-21.11387],[55.44524,-21.11374],[55.44478,-21.11349]],[[55.45009,-21.11775],[55.45014,-21.1175],[55.44999,-21.11757],[55.4501,-21.11739],[55.44971,-21.1176],[55.44999,-21.11709],[55.44991,-21.11696],[55.45022,-21.11655],[55.45048,-21.11659],[55.45057,-21.11647],[55.45042,-21.11652],[55.45052,-21.1164],[55.45033,-21.11629],[55.45041,-21.11613],[55.45019,-21.11619],[55.45033,-21.11606],[55.44977,-21.11613],[55.45005,-21.11595],[55.44988,-21.11598],[55.45019,-21.11565],[55.44993,-21.11579],[55.45006,-21.11558],[55.44991,-21.11558],[55.45,-21.11542],[55.44983,-21.1155],[55.44994,-21.11528],[55.44975,-21.11543],[55.44952,-21.11532],[55.44966,-21.11533],[55.44984,-21.11509],[55.44953,-21.11509],[55.44964,-21.11501],[55.44954,-21.11497],[55.44967,-21.11454],[55.45012,-21.11448],[55.44941,-21.11396],[55.44941,-21.11377],[55.44877,-21.11335]],[[55.45028,-21.11904],[55.45047,-21.11875],[55.45044,-21.11854],[55.45003,-21.11882],[55.44995,-21.1188],[55.45008,-21.11871],[55.44984,-21.11871],[55.45003,-21.11855],[55.44981,-21.11859],[55.45003,-21.11844],[55.44976,-21.11841],[55.45004,-21.11816],[55.45008,-21.11808],[55.44979,-21.1181],[55.4502,-21.11775],[55.45009,-21.11775]],[[55.45495,-21.12871],[55.45484,-21.12881],[55.45515,-21.12898],[55.45494,-21.12893],[55.45474,-21.12906],[55.45463,-21.12892],[55.45418,-21.12891],[55.45409,-21.12904],[55.45397,-21.129],[55.45376,-21.12932],[55.45357,-21.12898],[55.45331,-21.12905],[55.45322,-21.12878],[55.45306,-21.12884],[55.45307,-21.12871],[55.45298,-21.12877],[55.45275,-21.12856],[55.45279,-21.12845],[55.45245,-21.12836],[55.45256,-21.12809],[55.45247,-21.12817],[55.45239,-21.12794],[55.4523,-21.12814],[55.4523,-21.12798],[55.45222,-21.12812],[55.45221,-21.12797],[55.45212,-21.12809],[55.45175,-21.12802],[55.45189,-21.12786],[55.45178,-21.12776],[55.45142,-21.12771],[55.45132,-21.12787],[55.45114,-21.12784],[55.45082,-21.12728],[55.451,-21.12705],[55.45095,-21.12693],[55.45118,-21.12673],[55.45069,-21.12626],[55.4508,-21.12606],[55.4507,-21.12587],[55.45049,-21.12599],[55.45036,-21.12537],[55.44992,-21.12541],[55.44977,-21.12519],[55.44987,-21.12487],[55.45013,-21.12479],[55.4501,-21.12441],[55.45029,-21.12423],[55.45006,-21.12393],[55.45045,-21.12381],[55.45047,-21.12346],[55.4499,-21.12252],[55.44989,-21.12219],[55.45007,-21.12209],[55.44941,-21.12137],[55.44953,-21.12112],[55.44934,-21.12111],[55.4495,-21.12079],[55.44908,-21.12033],[55.44913,-21.12022],[55.44885,-21.12003],[55.4492,-21.11954],[55.45028,-21.11904]],[[55.45503,-21.12865],[55.45495,-21.12871]],[[55.45545,-21.12856],[55.45503,-21.12865]],[[55.46836,-21.13046],[55.46808,-21.13041],[55.46811,-21.13058],[55.46798,-21.13039],[55.46747,-21.13025],[55.46672,-21.13036],[55.46647,-21.12992],[55.46661,-21.12972],[55.46637,-21.12964],[55.46542,-21.12975],[55.46488,-21.1303],[55.46466,-21.13013],[55.46436,-21.13008],[55.46426,-21.13024],[55.46398,-21.13006],[55.46352,-21.13031],[55.46347,-21.13008],[55.46379,-21.12966],[55.4637,-21.12955],[55.46338,-21.12974],[55.46319,-21.12969],[55.46316,-21.1295],[55.46279,-21.12979],[55.46252,-21.12969],[55.46276,-21.12999],[55.46258,-21.12988],[55.46258,-21.13006],[55.46205,-21.12978],[55.46153,-21.13007],[55.46134,-21.13005],[55.46096,-21.12992],[55.46087,-21.12977],[55.46046,-21.12986],[55.46036,-21.12974],[55.4599,-21.12974],[55.45975,-21.12954],[55.45952,-21.1296],[55.45862,-21.12931],[55.45776,-21.12963],[55.45693,-21.1292],[55.4571,-21.12869],[55.45739,-21.12861],[55.45725,-21.12847],[55.45658,-21.12836],[55.45652,-21.12846],[55.45652,-21.12829],[55.45631,-21.12844],[55.45633,-21.12858],[55.45615,-21.12848],[55.45589,-21.12862],[55.45585,-21.12851],[55.45575,-21.12861],[55.45545,-21.12856]],[[55.46832,-21.12977],[55.46854,-21.12989],[55.4682,-21.13012],[55.46838,-21.13021],[55.46836,-21.13046]],[[55.46832,-21.12977],[55.469,-21.12967],[55.46976,-21.13002],[55.47024,-21.12974],[55.47065,-21.12968]],[[55.4708,-21.1297],[55.47065,-21.12968]],[[55.47096,-21.12974],[55.4708,-21.1297]],[[55.47101,-21.12974],[55.47096,-21.12974]],[[55.47101,-21.12974],[55.47108,-21.12978]],[[55.47107,-21.12991],[55.47108,-21.12978]],[[55.47109,-21.12995],[55.47107,-21.12991]],[[55.47104,-21.13082],[55.47109,-21.12995]],[[55.47101,-21.13089],[55.47104,-21.13082]],[[55.47093,-21.13113],[55.47086,-21.1313],[55.47036,-21.13131],[55.47101,-21.13089]],[[55.47096,-21.13115],[55.47093,-21.13113]],[[55.4716,-21.13159],[55.47153,-21.13148],[55.47128,-21.13187],[55.47116,-21.13187],[55.47125,-21.13176],[55.47085,-21.13167],[55.47125,-21.13156],[55.47124,-21.13144],[55.47119,-21.13155],[55.47116,-21.13143],[55.47101,-21.13154],[55.47066,-21.13142],[55.47096,-21.13136],[55.47096,-21.13115]],[[55.4716,-21.13159],[55.47217,-21.13185]],[[55.47222,-21.13176],[55.47217,-21.13185]],[[55.47332,-21.1301],[55.47316,-21.13013],[55.47318,-21.13035],[55.47278,-21.13055],[55.47207,-21.13128],[55.47222,-21.13176]],[[55.47332,-21.1301],[55.47381,-21.12937]],[[55.47381,-21.12937],[55.47395,-21.12918],[55.47419,-21.12921]],[[55.47338,-21.12654],[55.47342,-21.12688],[55.47281,-21.12708],[55.47265,-21.12728],[55.47269,-21.12752],[55.47219,-21.12793],[55.47361,-21.12836],[55.47419,-21.12921]],[[55.47188,-21.12707],[55.47256,-21.1267],[55.47295,-21.12666],[55.47336,-21.12643],[55.47338,-21.12654]],[[55.47188,-21.12707],[55.47221,-21.1264],[55.47182,-21.12646],[55.47276,-21.12522],[55.47303,-21.12467],[55.4728,-21.12455],[55.47305,-21.12426],[55.4731,-21.12395],[55.47357,-21.12384],[55.4738,-21.12364],[55.4738,-21.12335],[55.47395,-21.12337],[55.47403,-21.12297],[55.47432,-21.12325],[55.475,-21.12318],[55.47674,-21.12353],[55.47775,-21.12445],[55.47873,-21.12497]],[[55.47874,-21.12513],[55.47873,-21.12497]],[[55.47876,-21.12521],[55.47874,-21.12513]],[[55.47876,-21.12521],[55.47896,-21.1253]],[[55.47896,-21.1253],[55.47902,-21.12515],[55.47915,-21.12518],[55.47974,-21.12472],[55.47979,-21.1245]],[[55.47979,-21.1245],[55.47986,-21.12418],[55.48018,-21.12428],[55.48079,-21.12407],[55.48178,-21.12499],[55.48191,-21.12505],[55.48203,-21.12491],[55.48226,-21.12508]],[[55.48226,-21.12508],[55.48217,-21.1248],[55.48168,-21.12437],[55.48134,-21.12312]],[[55.48134,-21.12312],[55.48144,-21.12299]],[[55.48144,-21.12299],[55.48223,-21.1234],[55.4832,-21.12346]],[[55.4832,-21.12346],[55.48247,-21.12257],[55.48352,-21.12281],[55.48374,-21.12201],[55.48407,-21.12188],[55.48396,-21.12172],[55.48417,-21.12169],[55.48407,-21.1216],[55.48428,-21.12155],[55.48422,-21.12141],[55.48465,-21.12139],[55.48481,-21.12118],[55.48466,-21.12117],[55.48475,-21.12103],[55.48461,-21.12104],[55.48463,-21.12094],[55.48455,-21.12103],[55.48438,-21.12079],[55.48459,-21.12078],[55.48447,-21.12056],[55.48474,-21.12061],[55.48439,-21.12038],[55.48445,-21.11995],[55.4846,-21.12007],[55.48463,-21.11978],[55.48501,-21.11949],[55.48513,-21.11959],[55.48529,-21.1193],[55.4855,-21.11949],[55.48561,-21.1195],[55.48564,-21.11932],[55.48597,-21.11943],[55.486,-21.11885],[55.48625,-21.11907],[55.48641,-21.11904],[55.48632,-21.11895],[55.48656,-21.11896],[55.48638,-21.11881],[55.48637,-21.11824],[55.48709,-21.1179],[55.48675,-21.11785],[55.48686,-21.11782],[55.48671,-21.11767],[55.48696,-21.1176],[55.48679,-21.11759],[55.48695,-21.11743],[55.48683,-21.11736],[55.48716,-21.11733],[55.48751,-21.11686],[55.48738,-21.11644],[55.48707,-21.11632],[55.48711,-21.11609],[55.4875,-21.11571],[55.48831,-21.11563],[55.48789,-21.11531],[55.48799,-21.11521],[55.48791,-21.11439],[55.48773,-21.11386],[55.48819,-21.11295],[55.48876,-21.11283],[55.48886,-21.11306],[55.48962,-21.113],[55.48952,-21.11327],[55.49049,-21.11368],[55.49071,-21.11336],[55.49113,-21.11323],[55.4912,-21.11335],[55.49137,-21.1133],[55.49162,-21.11357],[55.49157,-21.11312],[55.4917,-21.11313],[55.49174,-21.11293],[55.49223,-21.11344],[55.49232,-21.11344],[55.49225,-21.1133],[55.49242,-21.1134],[55.49248,-21.11322],[55.49271,-21.11322],[55.49281,-21.11327],[55.49274,-21.11351],[55.49285,-21.11341],[55.49299,-21.11347],[55.49297,-21.11333],[55.49316,-21.11355],[55.49317,-21.11321],[55.49327,-21.11313],[55.49341,-21.1133],[55.49341,-21.1131],[55.49352,-21.11317],[55.49344,-21.11293],[55.49356,-21.11304],[55.49354,-21.11267],[55.49368,-21.11264],[55.49369,-21.11249],[55.4941,-21.11294],[55.49407,-21.11266],[55.49426,-21.1132],[55.49435,-21.1129],[55.49442,-21.11313],[55.49448,-21.11286],[55.49464,-21.113],[55.49464,-21.11272],[55.49479,-21.11291],[55.49474,-21.11268],[55.49494,-21.11286],[55.49487,-21.11275],[55.49503,-21.11275],[55.49495,-21.11268],[55.49518,-21.11273],[55.49498,-21.11258],[55.49492,-21.11234],[55.49505,-21.1121],[55.49497,-21.112],[55.49516,-21.112],[55.49511,-21.11189],[55.49521,-21.11194],[55.49525,-21.11179],[55.49482,-21.11157],[55.49522,-21.11142],[55.49519,-21.11126],[55.49537,-21.11113]],[[55.56153,-21.15591],[55.56096,-21.15564],[55.56031,-21.15504],[55.56007,-21.15506],[55.55988,-21.15391],[55.55859,-21.15304],[55.5581,-21.15151],[55.55744,-21.15175],[55.55618,-21.15258],[55.55414,-21.15316],[55.55373,-21.15298],[55.55298,-21.15326],[55.55175,-21.1531],[55.55013,-21.15325],[55.54917,-21.1525],[55.54784,-21.1524],[55.54709,-21.15181],[55.54604,-21.15173],[55.54555,-21.15128],[55.54548,-21.15097],[55.54506,-21.1509],[55.54472,-21.15],[55.54371,-21.14973],[55.54392,-21.1494],[55.54363,-21.14882],[55.54333,-21.14869],[55.54317,-21.14823],[55.54251,-21.14758],[55.54251,-21.14729],[55.54221,-21.14717],[55.54107,-21.14497],[55.54032,-21.14436],[55.5405,-21.14378],[55.5402,-21.14298],[55.5404,-21.14209],[55.54031,-21.14167],[55.53969,-21.14084],[55.53946,-21.14017],[55.53972,-21.14021],[55.53992,-21.14004],[55.53968,-21.13987],[55.53947,-21.13938],[55.53987,-21.139],[55.53962,-21.13853],[55.53934,-21.13846],[55.53879,-21.13744],[55.53857,-21.13734],[55.53851,-21.13756],[55.53812,-21.13724],[55.53811,-21.13707],[55.53745,-21.13724],[55.5372,-21.13762],[55.53619,-21.13788],[55.53591,-21.13736],[55.53516,-21.13732],[55.53455,-21.13706],[55.53415,-21.13657],[55.53364,-21.13626],[55.53319,-21.13617],[55.53301,-21.13585],[55.53216,-21.13565],[55.53203,-21.1355],[55.53144,-21.13562],[55.53078,-21.13554],[55.53029,-21.13521],[55.53015,-21.13481],[55.53042,-21.13467],[55.52992,-21.13422],[55.52933,-21.1342],[55.52899,-21.13393],[55.52839,-21.13376],[55.52743,-21.13373],[55.52535,-21.13413],[55.5247,-21.13411],[55.52334,-21.13443],[55.5231,-21.13464],[55.52208,-21.13477],[55.52145,-21.13467],[55.52124,-21.13442],[55.52086,-21.13436],[55.52097,-21.13419],[55.52074,-21.13416],[55.51928,-21.13428],[55.51902,-21.13421],[55.51904,-21.13402],[55.51846,-21.13408],[55.5183,-21.13397],[55.51677,-21.1343],[55.51489,-21.13406],[55.51429,-21.13335],[55.51289,-21.13215],[55.51239,-21.13195],[55.51217,-21.13152],[55.51184,-21.13144],[55.51079,-21.13064],[55.51016,-21.13038],[55.5089,-21.12927],[55.50586,-21.1272],[55.50574,-21.12664],[55.50545,-21.12608],[55.50497,-21.12583],[55.50445,-21.12498],[55.50473,-21.12465],[55.50504,-21.12459],[55.50507,-21.12422],[55.50523,-21.12409],[55.50503,-21.12383],[55.505,-21.12289],[55.50437,-21.12234],[55.50438,-21.122],[55.50414,-21.12139],[55.50356,-21.12023],[55.50334,-21.12021],[55.50319,-21.11993],[55.50301,-21.11912],[55.50248,-21.11879],[55.50221,-21.11788],[55.50151,-21.11727],[55.50029,-21.11557],[55.49902,-21.11446],[55.49847,-21.11376],[55.49848,-21.11363],[55.49823,-21.11349],[55.49815,-21.11328],[55.49833,-21.11313],[55.49828,-21.11284],[55.49842,-21.11277],[55.49841,-21.11263],[55.49741,-21.11232],[55.49727,-21.11191],[55.49699,-21.11185],[55.49637,-21.11135],[55.49537,-21.11113]],[[55.55203,-21.16663],[55.55235,-21.16628],[55.55281,-21.1662],[55.55377,-21.16502],[55.55438,-21.1624],[55.55698,-21.1604],[55.55783,-21.16027],[55.55829,-21.15995],[55.55806,-21.15899],[55.55755,-21.15851],[55.55738,-21.15805],[55.55817,-21.15792],[55.55916,-21.15732],[55.55957,-21.1574],[55.56074,-21.15677],[55.56153,-21.15591]],[[55.55203,-21.16663],[55.55229,-21.1667],[55.55294,-21.16834],[55.55306,-21.16839],[55.55412,-21.17126]],[[55.55412,-21.17126],[55.55679,-21.1781],[55.5579,-21.17994],[55.55791,-21.18067],[55.55841,-21.18186]],[[55.55838,-21.1821],[55.55841,-21.18186]],[[55.57144,-21.1989],[55.57076,-21.19906],[55.56981,-21.19998],[55.56882,-21.2006],[55.56833,-21.20075],[55.56778,-21.20013],[55.56738,-21.1994],[55.56729,-21.19885],[55.56682,-21.19825],[55.56604,-21.19803],[55.56524,-21.19834],[55.56493,-21.19803],[55.56363,-21.195],[55.56361,-21.1943],[55.56326,-21.19399],[55.5594,-21.18401],[55.55867,-21.183],[55.55838,-21.1821]],[[55.57352,-21.20307],[55.57214,-21.20164],[55.57144,-21.1989]],[[55.57369,-21.20316],[55.57369,-21.20312]],[[55.57358,-21.20324],[55.57369,-21.20316]],[[55.57351,-21.20321],[55.57358,-21.20324]],[[55.57374,-21.20293],[55.57361,-21.20304]],[[55.57385,-21.20274],[55.57432,-21.20212],[55.57437,-21.20187]],[[55.57437,-21.20187],[55.57563,-21.20127],[55.57599,-21.20138],[55.57731,-21.20142],[55.57849,-21.20118],[55.58088,-21.20154],[55.58168,-21.20116]],[[55.57923,-21.1969],[55.57958,-21.19701],[55.57981,-21.19727],[55.57994,-21.19888],[55.58017,-21.19948],[55.58168,-21.20116]],[[55.58269,-21.19401],[55.58204,-21.19384],[55.58163,-21.1941],[55.58118,-21.19477],[55.58061,-21.19501],[55.5803,-21.19549],[55.57936,-21.19642],[55.57923,-21.1969]],[[55.58287,-21.19433],[55.58269,-21.19401]],[[55.58287,-21.19433],[55.58305,-21.19482]],[[55.58305,-21.19482],[55.58333,-21.19513],[55.58411,-21.19552],[55.58414,-21.19588],[55.58447,-21.19629],[55.58526,-21.19666],[55.58579,-21.19722],[55.58668,-21.19779]],[[55.58668,-21.19779],[55.58744,-21.19774],[55.58808,-21.19813],[55.58832,-21.19845],[55.58941,-21.19863],[55.58976,-21.19905]],[[55.58985,-21.19899],[55.58974,-21.19912],[55.5899,-21.19922],[55.58999,-21.1991],[55.58985,-21.19899]],[[55.58996,-21.19919],[55.59053,-21.1999],[55.59165,-21.19996]],[[55.60761,-21.20084],[55.6069,-21.20041],[55.60698,-21.19965],[55.60689,-21.19926],[55.60644,-21.19881],[55.60635,-21.19746],[55.60536,-21.19595],[55.60381,-21.19508],[55.60339,-21.19528],[55.60336,-21.19486],[55.60324,-21.19476],[55.60292,-21.19506],[55.60259,-21.19499],[55.60129,-21.19553],[55.6019,-21.19806],[55.60198,-21.19898],[55.60189,-21.19907],[55.5954,-21.20024],[55.59524,-21.19967],[55.59165,-21.19996]],[[55.60761,-21.20084],[55.60774,-21.20064],[55.60872,-21.20019]],[[55.60872,-21.20019],[55.60878,-21.2002]],[[55.60963,-21.20052],[55.60878,-21.2002]],[[55.60963,-21.20052],[55.60975,-21.20062],[55.60928,-21.20116],[55.6088,-21.20205],[55.60927,-21.20348],[55.60889,-21.20361],[55.6089,-21.20383],[55.60932,-21.20412],[55.60938,-21.20439],[55.60973,-21.20477],[55.61128,-21.2053],[55.61223,-21.20578],[55.61268,-21.20575]],[[55.61268,-21.20575],[55.61334,-21.20526],[55.61331,-21.20503],[55.61387,-21.20486],[55.6142,-21.20445],[55.61436,-21.20448],[55.61445,-21.20427],[55.61512,-21.20396],[55.61543,-21.20373],[55.61554,-21.20345],[55.6157,-21.20346],[55.61615,-21.20307],[55.61639,-21.20266],[55.61636,-21.20237],[55.61681,-21.2022],[55.61657,-21.20211],[55.61676,-21.20162],[55.61737,-21.20157]],[[55.61915,-21.20241],[55.61833,-21.20135],[55.6179,-21.20165],[55.61737,-21.20157]],[[55.62003,-21.20317],[55.61936,-21.20312],[55.61923,-21.20285],[55.61933,-21.20247],[55.61915,-21.20241]],[[55.63194,-21.19195],[55.63183,-21.19225],[55.63209,-21.19331],[55.63197,-21.19382],[55.63244,-21.19402],[55.63273,-21.19437],[55.63312,-21.19458],[55.6331,-21.19509],[55.63283,-21.19546],[55.63192,-21.19552],[55.63193,-21.19605],[55.63114,-21.19625],[55.63092,-21.1965],[55.63059,-21.19658],[55.63018,-21.19723],[55.62874,-21.19828],[55.62843,-21.19873],[55.62819,-21.19884],[55.62792,-21.19979],[55.62754,-21.20018],[55.62743,-21.2007],[55.62637,-21.20097],[55.62557,-21.20159],[55.62523,-21.20201],[55.62452,-21.2024],[55.62329,-21.20357],[55.6226,-21.20462],[55.62204,-21.205],[55.62082,-21.20431],[55.62029,-21.20362],[55.62026,-21.20329],[55.62003,-21.20317]],[[55.63194,-21.19195],[55.63302,-21.19152],[55.63396,-21.19089],[55.63551,-21.19112]],[[55.63551,-21.19112],[55.63634,-21.19154],[55.63771,-21.19177],[55.63807,-21.19203],[55.63845,-21.19257],[55.64017,-21.1931],[55.6405,-21.19328],[55.641,-21.19388],[55.6416,-21.19422],[55.64252,-21.19433],[55.64285,-21.19469],[55.6431,-21.19476],[55.64324,-21.19506],[55.64367,-21.19529],[55.64404,-21.1952],[55.64448,-21.19568],[55.64451,-21.19595],[55.64487,-21.19634],[55.64532,-21.19721],[55.64557,-21.19734],[55.64606,-21.19821],[55.64636,-21.19909],[55.64721,-21.19952],[55.64756,-21.19992],[55.64794,-21.20116],[55.64825,-21.20119],[55.64931,-21.20191],[55.65034,-21.20233],[55.65069,-21.20261],[55.65077,-21.20308],[55.65194,-21.20482],[55.65299,-21.2078],[55.65335,-21.20923],[55.65366,-21.20976],[55.65393,-21.20983],[55.65394,-21.21019],[55.65448,-21.21086]],[[55.65448,-21.21086],[55.65433,-21.21127]],[[55.65433,-21.21127],[55.65449,-21.21154],[55.65451,-21.2121],[55.65477,-21.21239],[55.65485,-21.21316],[55.65599,-21.21471],[55.65611,-21.2168],[55.65568,-21.21683],[55.65552,-21.2172],[55.65557,-21.21746],[55.65585,-21.21703],[55.65583,-21.21751],[55.65592,-21.21765],[55.656,-21.21727],[55.65625,-21.21796],[55.65584,-21.21838],[55.65572,-21.21882],[55.65576,-21.21921],[55.65597,-21.21889],[55.6561,-21.21917],[55.65648,-21.21848],[55.65655,-21.21871],[55.65662,-21.21863],[55.65722,-21.21911],[55.65876,-21.21954]],[[55.65876,-21.21954],[55.66192,-21.22032],[55.66233,-21.22054],[55.66277,-21.22061],[55.6633,-21.22046],[55.66401,-21.22066],[55.66945,-21.22397],[55.67003,-21.22404],[55.67077,-21.22439],[55.67178,-21.22447],[55.67243,-21.22482],[55.6739,-21.22485],[55.67397,-21.22508],[55.6738,-21.22538],[55.67412,-21.22708]],[[55.6729,-21.23076],[55.6736,-21.22889],[55.67412,-21.22708]],[[55.67227,-21.2318],[55.67243,-21.2318],[55.67258,-21.23156],[55.6729,-21.23076]],[[55.67312,-21.23212],[55.67227,-21.2318]],[[55.67321,-21.23237],[55.67312,-21.23212]],[[55.67469,-21.23625],[55.67399,-21.23403],[55.67368,-21.23385],[55.67335,-21.2331],[55.67321,-21.23237]],[[55.67469,-21.23625],[55.67546,-21.23786],[55.67547,-21.23836],[55.67591,-21.23952],[55.67583,-21.2397],[55.67607,-21.24003]],[[55.67607,-21.24003],[55.67618,-21.24019],[55.67609,-21.24066]],[[55.67609,-21.24066],[55.67604,-21.24106]],[[55.67604,-21.24106],[55.67597,-21.24149],[55.67613,-21.243],[55.67598,-21.24326],[55.67623,-21.24385],[55.67601,-21.24431],[55.6762,-21.2448]],[[55.6762,-21.2448],[55.67617,-21.245]],[[55.67617,-21.245],[55.67698,-21.24624],[55.67693,-21.24655],[55.67721,-21.24735],[55.67763,-21.24777],[55.67893,-21.2497],[55.67915,-21.25067],[55.67919,-21.25156],[55.67935,-21.25198],[55.67932,-21.2524]],[[55.67932,-21.2524],[55.6788,-21.2532],[55.67853,-21.25458],[55.67856,-21.25481],[55.67907,-21.25554],[55.67916,-21.25638],[55.67962,-21.25645],[55.67978,-21.25688]],[[55.67978,-21.25688],[55.68017,-21.25707],[55.68107,-21.26058],[55.68106,-21.26225],[55.68215,-21.26467],[55.68267,-21.26527],[55.68312,-21.26674],[55.68411,-21.26842],[55.68409,-21.26889],[55.68489,-21.26981],[55.68515,-21.26988],[55.68518,-21.27007]],[[55.68518,-21.27007],[55.68544,-21.27039],[55.6854,-21.27067]],[[55.6854,-21.27067],[55.68556,-21.2714],[55.68609,-21.27168],[55.68654,-21.27173],[55.68666,-21.27163]],[[55.68666,-21.27163],[55.68691,-21.27171]],[[55.68691,-21.27171],[55.68831,-21.27281],[55.68848,-21.27314]],[[55.68848,-21.27314],[55.68862,-21.27328]],[[55.68862,-21.27328],[55.68883,-21.27327],[55.68916,-21.27365]],[[55.68916,-21.27365],[55.68981,-21.27412]],[[55.68981,-21.27412],[55.69086,-21.27441]],[[55.69086,-21.27441],[55.69136,-21.27458],[55.69174,-21.2751],[55.69263,-21.27496],[55.69378,-21.27567],[55.69403,-21.27612],[55.69472,-21.27588],[55.69506,-21.27605]],[[55.69506,-21.27605],[55.69534,-21.27595],[55.69545,-21.27577],[55.69622,-21.27575],[55.6966,-21.27601],[55.69691,-21.27606],[55.69748,-21.27684]],[[55.69748,-21.27684],[55.69702,-21.27708]],[[55.69702,-21.27708],[55.69701,-21.27786],[55.69754,-21.27822],[55.69794,-21.27874],[55.69811,-21.27945],[55.69868,-21.27979],[55.69898,-21.28121],[55.69996,-21.28271],[55.7,-21.28325],[55.70026,-21.28385],[55.70042,-21.28473],[55.70058,-21.28497],[55.70113,-21.28528],[55.70162,-21.28601],[55.70174,-21.28674],[55.70201,-21.28708],[55.70192,-21.28745],[55.70252,-21.28797],[55.70266,-21.28835],[55.70292,-21.28858],[55.70295,-21.28947],[55.70318,-21.2897],[55.70304,-21.28995],[55.70322,-21.29027],[55.70313,-21.29188],[55.70358,-21.2921],[55.70374,-21.29234],[55.70377,-21.29281],[55.70423,-21.29342],[55.70455,-21.29359],[55.7054,-21.29362],[55.70567,-21.29397],[55.70563,-21.29467],[55.70546,-21.29492],[55.70492,-21.29523],[55.70487,-21.29544],[55.70496,-21.29585],[55.70508,-21.29591],[55.70506,-21.29624],[55.70545,-21.29645],[55.70532,-21.29678],[55.70586,-21.29749],[55.70589,-21.29796],[55.70626,-21.29818],[55.7062,-21.2984],[55.70656,-21.29863],[55.70648,-21.29903],[55.70661,-21.29907],[55.70636,-21.29969],[55.7062,-21.29974],[55.70615,-21.29998],[55.7063,-21.3001],[55.70582,-21.30038],[55.70567,-21.3006],[55.70575,-21.30078],[55.70566,-21.30098],[55.70498,-21.30137],[55.70502,-21.30151],[55.70486,-21.30158],[55.70552,-21.3024],[55.70568,-21.30342],[55.70593,-21.3037],[55.70646,-21.30539],[55.70638,-21.30581],[55.70666,-21.30617],[55.70689,-21.3069],[55.70721,-21.30716],[55.70747,-21.30773],[55.70747,-21.30808],[55.70802,-21.30898],[55.70811,-21.30941],[55.7088,-21.31025],[55.70901,-21.31086],[55.70889,-21.31106],[55.70892,-21.31149],[55.7079,-21.31244],[55.70797,-21.3128],[55.70784,-21.31289],[55.70789,-21.31302],[55.70756,-21.31382],[55.70631,-21.31556],[55.70617,-21.31683],[55.70628,-21.31742],[55.70608,-21.31764],[55.70636,-21.3192],[55.70617,-21.32024],[55.70599,-21.3207],[55.70534,-21.32147],[55.70511,-21.32232],[55.70465,-21.32325],[55.70447,-21.32447],[55.7045,-21.3252],[55.70307,-21.32709],[55.70296,-21.32744],[55.70313,-21.32797],[55.70295,-21.32853],[55.70301,-21.32873],[55.70346,-21.32981],[55.70447,-21.33123],[55.70477,-21.33209],[55.7055,-21.33323],[55.70557,-21.33395],[55.70642,-21.33592],[55.70672,-21.33743],[55.70625,-21.33793],[55.7061,-21.33877],[55.7063,-21.33918],[55.70613,-21.33927],[55.70644,-21.33994]],[[55.70356,-21.3386],[55.70356,-21.33848],[55.70378,-21.33848],[55.70453,-21.33907],[55.70644,-21.33994]],[[55.70356,-21.3386],[55.70315,-21.33931],[55.70229,-21.34002],[55.70219,-21.3403]],[[55.70143,-21.33974],[55.70192,-21.33985],[55.70199,-21.34017],[55.70219,-21.3403]],[[55.70143,-21.33974],[55.70065,-21.34121],[55.70078,-21.34149],[55.70069,-21.34198],[55.70123,-21.34327],[55.70117,-21.34351],[55.70132,-21.34393],[55.7015,-21.34408],[55.70156,-21.34445],[55.70146,-21.34462],[55.7019,-21.3454],[55.70225,-21.34568],[55.70251,-21.34627],[55.70239,-21.34637],[55.70245,-21.34658],[55.70257,-21.34682],[55.7032,-21.34694],[55.70336,-21.34771],[55.70307,-21.34977],[55.70314,-21.3501],[55.70266,-21.3519],[55.7027,-21.35215],[55.70306,-21.35241],[55.70314,-21.35262],[55.70286,-21.35318],[55.70329,-21.35362],[55.70345,-21.35361],[55.70378,-21.35389],[55.70392,-21.3548],[55.70422,-21.35552],[55.70419,-21.35581],[55.70344,-21.35736],[55.70343,-21.35786],[55.70278,-21.35821],[55.70376,-21.35838],[55.70396,-21.35813],[55.70475,-21.35811],[55.7058,-21.35772]],[[55.7058,-21.35772],[55.7067,-21.35941],[55.70756,-21.36041],[55.70816,-21.36034],[55.70927,-21.36053],[55.70949,-21.36097],[55.70987,-21.36092],[55.7101,-21.36107],[55.71079,-21.36101],[55.71107,-21.36115],[55.71166,-21.36054],[55.71222,-21.3606],[55.71274,-21.36037],[55.71388,-21.36461],[55.71458,-21.36793],[55.71477,-21.36826],[55.71456,-21.36872]],[[55.71837,-21.37121],[55.7178,-21.37076],[55.71671,-21.37034],[55.71613,-21.36974],[55.7156,-21.36952],[55.71456,-21.36872]]]},"properties":{"n":"GR R2","ref":"GR R2","cat":"GR"}},{"type":"Feature","geometry":{"type":"MultiLineString","coordinates":[[[55.44782,-21.0644],[55.44842,-21.06363],[55.44947,-21.06266],[55.44984,-21.0625]],[[55.44832,-21.07125],[55.44877,-21.07018],[55.44854,-21.06995],[55.44847,-21.06955],[55.44814,-21.06938],[55.44776,-21.06887],[55.44773,-21.06846],[55.44711,-21.06798],[55.44742,-21.06742],[55.44727,-21.0671],[55.44749,-21.06657],[55.4473,-21.06596],[55.44752,-21.0657],[55.44765,-21.06516],[55.4476,-21.06478],[55.44782,-21.0644]],[[55.44832,-21.07125],[55.4486,-21.0714],[55.44851,-21.07148],[55.44865,-21.07161],[55.44851,-21.07165],[55.44872,-21.07171],[55.44847,-21.07178],[55.44863,-21.07197],[55.44856,-21.07203],[55.44917,-21.07234],[55.44868,-21.07248],[55.44854,-21.0727],[55.44864,-21.07309],[55.44854,-21.07323],[55.44875,-21.07335],[55.44867,-21.07387],[55.44903,-21.07424],[55.44893,-21.07457],[55.44913,-21.07488],[55.44892,-21.07551],[55.44907,-21.07561],[55.44885,-21.07569],[55.44889,-21.07589],[55.44862,-21.07612],[55.44869,-21.07633],[55.44829,-21.07682],[55.44845,-21.07688],[55.44835,-21.07704],[55.44859,-21.07715],[55.44871,-21.07749]],[[55.44871,-21.07749],[55.44853,-21.07754],[55.44843,-21.07775],[55.44777,-21.07798],[55.4473,-21.07833],[55.44644,-21.07789],[55.44593,-21.07806],[55.44572,-21.07828],[55.44432,-21.07818],[55.44312,-21.07867]],[[55.44312,-21.07867],[55.44256,-21.07954],[55.44213,-21.07981]],[[55.44213,-21.07981],[55.44177,-21.08008]],[[55.44177,-21.08008],[55.44154,-21.08026]],[[55.44154,-21.08026],[55.44141,-21.08038]],[[55.44141,-21.08038],[55.44112,-21.08097],[55.44072,-21.08128]],[[55.44072,-21.08128],[55.44056,-21.08131]],[[55.44056,-21.08131],[55.44033,-21.08149],[55.4397,-21.08154],[55.43951,-21.08198],[55.43935,-21.08208]],[[55.43935,-21.08208],[55.43918,-21.08215]],[[55.43918,-21.08215],[55.43901,-21.08228]],[[55.43901,-21.08228],[55.43881,-21.08237]],[[55.43881,-21.08237],[55.43828,-21.08282]],[[55.43828,-21.08282],[55.43812,-21.08289]],[[55.43812,-21.08289],[55.438,-21.08305],[55.43809,-21.08347],[55.43848,-21.08402]],[[55.43848,-21.08402],[55.43856,-21.08413]],[[55.43856,-21.08413],[55.4392,-21.08518],[55.43893,-21.08596],[55.43895,-21.08639],[55.43971,-21.08731],[55.44013,-21.08747],[55.4403,-21.0874],[55.44026,-21.08817],[55.44032,-21.08795],[55.44039,-21.08805],[55.44052,-21.08789],[55.4406,-21.08827],[55.44074,-21.0882],[55.44069,-21.08904],[55.43988,-21.08981],[55.43997,-21.08998],[55.44027,-21.0899],[55.44022,-21.09001],[55.44039,-21.08999],[55.44029,-21.09019],[55.44043,-21.09046],[55.43994,-21.09108]],[[55.43994,-21.09108],[55.43994,-21.09118],[55.43964,-21.09121],[55.43989,-21.09137],[55.43975,-21.09212],[55.43893,-21.09261]],[[55.43893,-21.09261],[55.43878,-21.09308],[55.43843,-21.09357],[55.43855,-21.09394],[55.43809,-21.09473],[55.43799,-21.09587],[55.43771,-21.09676]],[[55.43771,-21.09676],[55.43751,-21.09724],[55.43746,-21.098],[55.43721,-21.0985],[55.43656,-21.0989],[55.43647,-21.09917],[55.43595,-21.09975],[55.43584,-21.10013],[55.43605,-21.10082],[55.43596,-21.1009],[55.43595,-21.10214],[55.43569,-21.10232],[55.4352,-21.10323],[55.4346,-21.10343]],[[55.43458,-21.10311],[55.4348,-21.10321],[55.4346,-21.10343]],[[55.43411,-21.10298],[55.43437,-21.10314],[55.43458,-21.10311]],[[55.43411,-21.10298],[55.43408,-21.10278],[55.43324,-21.10253],[55.43302,-21.10232]],[[55.43302,-21.10232],[55.43297,-21.10226]],[[55.43297,-21.10226],[55.43277,-21.10203],[55.43257,-21.10201]],[[55.43257,-21.10201],[55.43248,-21.10203]],[[55.43248,-21.10203],[55.4324,-21.10201]],[[55.4324,-21.10201],[55.43223,-21.10188]],[[55.43223,-21.10188],[55.43216,-21.10186]],[[55.43216,-21.10186],[55.43164,-21.10185],[55.43104,-21.10111]],[[55.43104,-21.10111],[55.43085,-21.09955],[55.42963,-21.09883],[55.42941,-21.09829],[55.42911,-21.09799],[55.42941,-21.09774],[55.42954,-21.0973],[55.42928,-21.09715],[55.42927,-21.09695],[55.42908,-21.09678],[55.42915,-21.09669],[55.42861,-21.09554],[55.42816,-21.09523],[55.42772,-21.09519],[55.42699,-21.09562],[55.42685,-21.09516],[55.42669,-21.09506],[55.42673,-21.09498],[55.42661,-21.09499],[55.42674,-21.09463],[55.42657,-21.09446],[55.42617,-21.09449],[55.42571,-21.095],[55.42552,-21.09497],[55.42481,-21.09528],[55.42357,-21.09541],[55.42326,-21.09526],[55.42228,-21.09552],[55.42165,-21.0961],[55.42163,-21.09597],[55.42134,-21.09602],[55.42129,-21.09589],[55.42095,-21.09616],[55.42057,-21.09613],[55.41986,-21.09539],[55.41948,-21.0954],[55.41921,-21.09556],[55.41826,-21.09499],[55.41758,-21.0941],[55.41736,-21.09404],[55.41692,-21.09325],[55.41627,-21.09289],[55.41587,-21.09226],[55.41501,-21.09158],[55.41452,-21.09087],[55.41339,-21.09003],[55.41279,-21.08993],[55.41268,-21.09007],[55.41218,-21.09014],[55.41204,-21.09039],[55.41186,-21.09047],[55.41142,-21.09024],[55.41079,-21.08947],[55.41068,-21.08962],[55.41044,-21.08958],[55.41025,-21.08987],[55.41032,-21.0901],[55.41001,-21.09015],[55.40978,-21.09001],[55.40984,-21.08978],[55.4096,-21.08955],[55.40933,-21.08951],[55.40919,-21.08928],[55.4093,-21.08875],[55.40869,-21.08752],[55.40785,-21.08668],[55.40733,-21.08647],[55.407,-21.08614],[55.4066,-21.08613],[55.40611,-21.08663],[55.40595,-21.08712],[55.40538,-21.08771],[55.40548,-21.08788],[55.40536,-21.08806],[55.40541,-21.08846],[55.40525,-21.08881],[55.40508,-21.08888],[55.4047,-21.0888],[55.40454,-21.08841],[55.40443,-21.08845],[55.40434,-21.08831],[55.40421,-21.08841],[55.40331,-21.0883],[55.40304,-21.08839],[55.40224,-21.08796],[55.40208,-21.08743],[55.4022,-21.08713],[55.40189,-21.08715],[55.40187,-21.08676],[55.40166,-21.08663],[55.40115,-21.08557],[55.4005,-21.08465],[55.40047,-21.08456],[55.40066,-21.08447],[55.40015,-21.08411],[55.40018,-21.08363],[55.39925,-21.083],[55.39915,-21.08241],[55.39949,-21.08208],[55.39905,-21.08181],[55.39918,-21.08162],[55.39911,-21.08132],[55.39928,-21.08131],[55.39936,-21.08113],[55.39858,-21.08057],[55.39829,-21.07963],[55.39844,-21.07849],[55.39898,-21.07799],[55.39923,-21.07686],[55.3992,-21.07641],[55.3989,-21.07618],[55.39895,-21.07591],[55.3988,-21.07547],[55.39925,-21.07456],[55.39977,-21.07414],[55.3998,-21.07348],[55.4002,-21.07239],[55.39998,-21.07185],[55.39937,-21.07156],[55.40003,-21.07131],[55.40001,-21.07112],[55.40026,-21.07114],[55.4001,-21.07082],[55.39993,-21.07078],[55.40011,-21.07072],[55.39995,-21.07035],[55.40038,-21.07025],[55.40026,-21.07006],[55.40041,-21.06981]],[[55.40041,-21.06981],[55.40033,-21.06961],[55.39998,-21.06949],[55.39964,-21.06892],[55.39902,-21.06884]],[[55.39902,-21.06884],[55.39899,-21.06881]],[[55.39899,-21.06881],[55.39909,-21.06863],[55.39897,-21.0685]],[[55.39897,-21.0685],[55.39897,-21.06845]],[[55.39897,-21.06845],[55.39908,-21.06804]],[[55.39908,-21.06804],[55.39907,-21.06801]],[[55.39907,-21.06801],[55.39861,-21.06756],[55.39858,-21.06728],[55.39806,-21.06703],[55.39749,-21.06637],[55.39773,-21.06595],[55.39754,-21.06558],[55.39793,-21.06495],[55.3979,-21.06389],[55.39824,-21.06301],[55.39818,-21.06264],[55.39792,-21.06238],[55.39769,-21.06234],[55.39751,-21.06166],[55.39689,-21.06154],[55.3967,-21.06123],[55.39634,-21.06118],[55.39577,-21.06084],[55.39557,-21.06057],[55.3954,-21.05916],[55.39504,-21.05803]],[[55.39504,-21.05803],[55.39518,-21.05723],[55.39506,-21.05694],[55.39453,-21.05663],[55.39455,-21.05677],[55.39444,-21.05667],[55.39439,-21.05677],[55.39426,-21.05669],[55.39397,-21.05681],[55.39396,-21.0567],[55.39386,-21.05681],[55.39423,-21.05696],[55.39397,-21.05697],[55.39408,-21.05703],[55.39391,-21.05715],[55.39371,-21.057],[55.39386,-21.05727],[55.39359,-21.05726],[55.39256,-21.05613],[55.39197,-21.05572],[55.39176,-21.05533],[55.39169,-21.05478]],[[55.39169,-21.05478],[55.39114,-21.05409]],[[55.39114,-21.05409],[55.39108,-21.05329],[55.39173,-21.05141],[55.39143,-21.04986],[55.39184,-21.04887],[55.39181,-21.0484],[55.39126,-21.0474],[55.39124,-21.04713],[55.39142,-21.04675],[55.39139,-21.04626],[55.3915,-21.0461],[55.3914,-21.04614],[55.39151,-21.04591],[55.39181,-21.04578],[55.39151,-21.04576],[55.39161,-21.04564],[55.39131,-21.04576],[55.39146,-21.04562],[55.39105,-21.0458],[55.3912,-21.04561],[55.3908,-21.0456],[55.39107,-21.04553],[55.39074,-21.04544],[55.39107,-21.04538],[55.39084,-21.04533]],[[55.39084,-21.04533],[55.39123,-21.04521],[55.39104,-21.045],[55.3911,-21.04449],[55.39219,-21.04323],[55.39242,-21.04263],[55.39243,-21.04248],[55.39202,-21.04252],[55.39181,-21.04235],[55.39156,-21.04233]],[[55.39156,-21.04233],[55.39226,-21.04144],[55.39254,-21.04089],[55.39247,-21.0407],[55.39262,-21.04033],[55.39245,-21.03952],[55.39254,-21.03929],[55.39228,-21.03876],[55.39289,-21.03824],[55.39287,-21.03784],[55.39315,-21.03755],[55.39335,-21.037],[55.39374,-21.03679],[55.39393,-21.03688],[55.39421,-21.03679]],[[55.39421,-21.03679],[55.39489,-21.03688],[55.39514,-21.03662],[55.3954,-21.03664],[55.3952,-21.03593],[55.39548,-21.03585],[55.39546,-21.03562],[55.3958,-21.03543],[55.39593,-21.03499],[55.39641,-21.03495],[55.39686,-21.03474],[55.397,-21.03483],[55.39707,-21.03471],[55.39724,-21.03512],[55.39713,-21.0353],[55.39727,-21.03555],[55.3975,-21.03534],[55.39764,-21.03544],[55.39794,-21.0352],[55.39801,-21.03529]],[[55.39801,-21.03529],[55.39841,-21.03452],[55.39857,-21.03445],[55.39865,-21.03381],[55.39889,-21.03322],[55.39917,-21.0335],[55.39934,-21.03349],[55.39946,-21.03391],[55.39962,-21.03384],[55.39957,-21.03409],[55.39994,-21.03414],[55.39989,-21.03428],[55.40011,-21.0342],[55.40024,-21.03465],[55.40058,-21.03386],[55.40039,-21.03368],[55.40046,-21.03356],[55.40021,-21.03314],[55.40033,-21.03312],[55.40027,-21.03294],[55.40082,-21.03307],[55.40069,-21.03286],[55.40075,-21.03272],[55.40092,-21.03282],[55.40089,-21.03266],[55.40124,-21.03319]],[[55.40124,-21.03319],[55.40143,-21.0332]],[[55.40143,-21.0332],[55.40162,-21.03394],[55.40209,-21.03423],[55.40242,-21.03429],[55.40283,-21.0341],[55.40314,-21.03419],[55.40336,-21.03443],[55.40385,-21.03438],[55.40403,-21.0345],[55.40423,-21.03417],[55.4048,-21.03404]],[[55.40438,-21.02264],[55.40424,-21.02272],[55.40399,-21.02255],[55.4039,-21.02364],[55.40375,-21.02402],[55.4041,-21.02432],[55.40427,-21.025],[55.40465,-21.02518],[55.4038,-21.02544],[55.40363,-21.02603],[55.40262,-21.02669],[55.40266,-21.02695],[55.40283,-21.027],[55.4026,-21.02755],[55.40261,-21.02793],[55.40253,-21.02782],[55.40193,-21.02814],[55.40194,-21.0284],[55.40207,-21.02842],[55.40199,-21.02858],[55.40157,-21.02866],[55.40189,-21.02895],[55.40146,-21.02902],[55.4014,-21.02923],[55.40151,-21.02955],[55.40143,-21.02956],[55.40228,-21.03032],[55.40256,-21.03108],[55.40293,-21.03123],[55.40296,-21.03149],[55.40329,-21.03198],[55.40358,-21.03204],[55.40355,-21.03242],[55.4042,-21.03334],[55.40468,-21.03381],[55.40487,-21.03371],[55.40493,-21.03398],[55.4048,-21.03404]],[[55.40442,-21.02238],[55.40438,-21.02264]],[[55.40534,-21.02165],[55.40519,-21.0218],[55.40506,-21.02156],[55.40495,-21.02188],[55.40456,-21.02185],[55.40437,-21.02214],[55.40442,-21.02238]],[[55.40821,-21.02191],[55.40775,-21.02184],[55.40699,-21.02218],[55.40656,-21.02168],[55.40614,-21.02164],[55.40597,-21.02143],[55.40563,-21.02166],[55.40534,-21.02165]],[[55.40821,-21.02191],[55.40844,-21.02149],[55.40894,-21.02221],[55.40941,-21.0212],[55.4098,-21.02209],[55.41025,-21.02173],[55.4107,-21.02155],[55.41117,-21.02212],[55.4114,-21.02349],[55.41204,-21.02379],[55.41285,-21.02473],[55.41374,-21.02498],[55.41363,-21.025],[55.41419,-21.02522],[55.41428,-21.02538],[55.41459,-21.02536],[55.41508,-21.02569],[55.41549,-21.0258],[55.41568,-21.02574],[55.41561,-21.02565],[55.41584,-21.02574],[55.4169,-21.02547],[55.41674,-21.02535],[55.4169,-21.02534],[55.41667,-21.02519],[55.41682,-21.02518],[55.41672,-21.0251],[55.41727,-21.02522],[55.41787,-21.02561],[55.41855,-21.02549],[55.41868,-21.02572],[55.4188,-21.02566],[55.41885,-21.02585],[55.41922,-21.02561],[55.41926,-21.0253],[55.41938,-21.02556],[55.41923,-21.02588],[55.41948,-21.02557],[55.41955,-21.02604],[55.41975,-21.02607],[55.42091,-21.02506],[55.42124,-21.02435],[55.42153,-21.02404],[55.42145,-21.02365],[55.42169,-21.02306],[55.42145,-21.02125],[55.42192,-21.02045],[55.42205,-21.01992],[55.42267,-21.01978],[55.4233,-21.02012],[55.42352,-21.02012],[55.42495,-21.01953]],[[55.42489,-21.02007],[55.42495,-21.01953]],[[55.42489,-21.02008],[55.42489,-21.02007]],[[55.42465,-21.02203],[55.42448,-21.0214],[55.42477,-21.02078],[55.42489,-21.02008]],[[55.42465,-21.02203],[55.42413,-21.02256],[55.42377,-21.0226],[55.42378,-21.02284],[55.42445,-21.02329],[55.42428,-21.02286],[55.42471,-21.0227],[55.42497,-21.02282],[55.42522,-21.02277],[55.42525,-21.02286],[55.42493,-21.02301],[55.42514,-21.02355],[55.42537,-21.02334],[55.42573,-21.02362]],[[55.42684,-21.02405],[55.42613,-21.02437],[55.4259,-21.02436],[55.42565,-21.02382],[55.42577,-21.02388],[55.42573,-21.02362]],[[55.42701,-21.02406],[55.42684,-21.02405]],[[55.42941,-21.03435],[55.42929,-21.03419],[55.42943,-21.03402],[55.4294,-21.03359],[55.4287,-21.03331],[55.42875,-21.03301],[55.42808,-21.03245],[55.428,-21.03174],[55.42811,-21.03173],[55.42793,-21.03136],[55.42834,-21.0308],[55.42856,-21.03073],[55.4286,-21.03059],[55.42877,-21.03063],[55.42884,-21.03042],[55.42869,-21.03021],[55.42878,-21.02999],[55.43017,-21.02971],[55.42964,-21.02906],[55.42975,-21.02899],[55.42925,-21.02862],[55.42911,-21.02799],[55.42865,-21.02724],[55.42843,-21.02728],[55.42838,-21.02577],[55.42802,-21.02521],[55.42785,-21.02451],[55.42761,-21.0244],[55.42744,-21.02411],[55.42701,-21.02406]],[[55.45446,-21.05324],[55.45419,-21.05271],[55.45369,-21.05223],[55.45345,-21.05233],[55.45322,-21.05279],[55.45313,-21.05224],[55.45303,-21.05224],[55.45273,-21.05242],[55.45265,-21.05265],[55.45241,-21.0527],[55.45223,-21.05305],[55.45156,-21.05311],[55.4515,-21.05387],[55.45104,-21.054],[55.45074,-21.05323],[55.45051,-21.05319],[55.45048,-21.05266],[55.45015,-21.05265],[55.45002,-21.05287],[55.44896,-21.05254],[55.44864,-21.05218],[55.4483,-21.05207],[55.44848,-21.0525],[55.44846,-21.05271],[55.44817,-21.05224],[55.44817,-21.05265],[55.44832,-21.05296],[55.44741,-21.05313],[55.44753,-21.05351],[55.44742,-21.05372],[55.44741,-21.05351],[55.44688,-21.05299],[55.44684,-21.05274],[55.44679,-21.05298],[55.44696,-21.05329],[55.44664,-21.05332],[55.44669,-21.0537],[55.44602,-21.05359],[55.44559,-21.05318],[55.44559,-21.05255],[55.44521,-21.05183],[55.44527,-21.05122],[55.445,-21.04976],[55.44506,-21.04919],[55.44561,-21.04791],[55.44594,-21.04743],[55.44536,-21.04721],[55.44449,-21.04625],[55.4443,-21.0458],[55.4444,-21.04536],[55.44429,-21.04498],[55.44422,-21.04482],[55.4439,-21.04476],[55.44359,-21.04447],[55.44328,-21.04377],[55.44302,-21.04363],[55.44316,-21.04345],[55.443,-21.0432],[55.44299,-21.04275],[55.44282,-21.04268],[55.44272,-21.04202],[55.44254,-21.04195],[55.44255,-21.04161],[55.44233,-21.0414],[55.44245,-21.04112],[55.44208,-21.04088],[55.44184,-21.04037],[55.44158,-21.04007],[55.44147,-21.0401],[55.44159,-21.0407],[55.44144,-21.04055],[55.44116,-21.04054],[55.4404,-21.03984],[55.4395,-21.0396],[55.43945,-21.03947],[55.43958,-21.03937],[55.43936,-21.03927],[55.43905,-21.03958],[55.43889,-21.03939],[55.43879,-21.03952],[55.43869,-21.03939],[55.43848,-21.03968],[55.43849,-21.03941],[55.43829,-21.03952],[55.43732,-21.03875],[55.43792,-21.03892],[55.4376,-21.03877],[55.43746,-21.0385],[55.43668,-21.03816],[55.43665,-21.03833],[55.43656,-21.03809],[55.43651,-21.03823],[55.43644,-21.03801],[55.43637,-21.03817],[55.43629,-21.03795],[55.43624,-21.03814],[55.43615,-21.03791],[55.43608,-21.03812],[55.43599,-21.0379],[55.43592,-21.03805],[55.43581,-21.03772],[55.43475,-21.03715],[55.43369,-21.03696],[55.43279,-21.03659],[55.4323,-21.03656],[55.43212,-21.03627],[55.43115,-21.03618],[55.43084,-21.0358],[55.43051,-21.03579],[55.43037,-21.03568],[55.43045,-21.03556],[55.43017,-21.03544],[55.43002,-21.03507],[55.43029,-21.03486],[55.43024,-21.03472],[55.43001,-21.03453],[55.42941,-21.03435]],[[55.45446,-21.05324],[55.45456,-21.05404],[55.45436,-21.05479],[55.45453,-21.05489]],[[55.45464,-21.05501],[55.45453,-21.05489]],[[55.45102,-21.0662],[55.45126,-21.06537],[55.45109,-21.06479],[55.45079,-21.06457],[55.45057,-21.06414],[55.45127,-21.06316],[55.45124,-21.06281],[55.45274,-21.06164],[55.453,-21.06095],[55.45323,-21.06091],[55.45338,-21.06068],[55.45344,-21.06077],[55.45347,-21.0606],[55.45355,-21.0607],[55.45355,-21.06055],[55.45374,-21.06042],[55.45362,-21.06014],[55.45385,-21.05999],[55.45375,-21.05969],[55.45392,-21.05947],[55.4538,-21.05931],[55.45416,-21.05886],[55.45442,-21.05866],[55.45418,-21.05911],[55.45456,-21.05879],[55.45472,-21.0584],[55.45543,-21.05832],[55.45588,-21.05797],[55.45571,-21.05736],[55.45595,-21.05713],[55.45559,-21.057],[55.45585,-21.05697],[55.45557,-21.05688],[55.4559,-21.05688],[55.45555,-21.05678],[55.45596,-21.05677],[55.45524,-21.05659],[55.45519,-21.0565],[55.45544,-21.05626],[55.45533,-21.05617],[55.45548,-21.05606],[55.45519,-21.05556],[55.45471,-21.05536],[55.45464,-21.05501]],[[55.44782,-21.0644],[55.44772,-21.06484],[55.44785,-21.0652],[55.44782,-21.06583],[55.44797,-21.06632],[55.44833,-21.06684],[55.44822,-21.06626],[55.44835,-21.06581],[55.44853,-21.06579],[55.44887,-21.06639],[55.44911,-21.06655],[55.44948,-21.06657],[55.44988,-21.06586],[55.44996,-21.06518],[55.4503,-21.06502],[55.4507,-21.06508],[55.45089,-21.06548],[55.45102,-21.0662]],[[55.44782,-21.0644],[55.44842,-21.06363],[55.44947,-21.06266],[55.44984,-21.0625]]]},"properties":{"n":"GR R3","ref":"GR R3","cat":"GR"}},{"type":"Feature","geometry":{"type":"MultiLineString","coordinates":[[[55.57203,-21.12644],[55.5721,-21.12691],[55.5722,-21.12689],[55.57332,-21.12588],[55.5738,-21.12567],[55.57409,-21.12494],[55.57413,-21.12435],[55.57467,-21.12402],[55.57512,-21.12326],[55.57601,-21.12257],[55.57625,-21.12205],[55.57599,-21.12095],[55.57617,-21.12064],[55.57717,-21.1202],[55.5778,-21.12043],[55.5782,-21.11974],[55.5789,-21.11938],[55.57912,-21.11902],[55.5795,-21.11874],[55.57952,-21.11835],[55.58004,-21.11789],[55.58114,-21.11736],[55.58188,-21.11669],[55.58276,-21.11647],[55.583,-21.11618],[55.58342,-21.1161]],[[55.58342,-21.1161],[55.58429,-21.11656],[55.58503,-21.11715],[55.5863,-21.11743],[55.58711,-21.11861],[55.58737,-21.11879],[55.58726,-21.11897]]]},"properties":{"n":"bassin des hirondelles","cat":"PR"}},{"type":"Feature","geometry":{"type":"MultiLineString","coordinates":[[[55.57203,-21.12644],[55.5721,-21.12691],[55.5722,-21.12689],[55.57332,-21.12588],[55.5738,-21.12567],[55.57409,-21.12494],[55.57413,-21.12435],[55.57467,-21.12402],[55.57512,-21.12326],[55.57601,-21.12257],[55.57625,-21.12205],[55.57599,-21.12095],[55.57617,-21.12064],[55.57717,-21.1202],[55.5778,-21.12043],[55.5782,-21.11974],[55.5789,-21.11938],[55.57912,-21.11902],[55.5795,-21.11874],[55.57952,-21.11835],[55.58004,-21.11789],[55.58114,-21.11736],[55.58188,-21.11669],[55.58276,-21.11647],[55.583,-21.11618],[55.58342,-21.1161]],[[55.58342,-21.1161],[55.58378,-21.1158],[55.58376,-21.1154],[55.58391,-21.11505],[55.58446,-21.11434],[55.58435,-21.11304],[55.585,-21.11226],[55.58546,-21.11202],[55.5857,-21.11129],[55.58626,-21.11054],[55.5862,-21.10965],[55.58637,-21.10934],[55.58662,-21.10914],[55.58747,-21.109],[55.58784,-21.10863],[55.58868,-21.10877],[55.5904,-21.10828],[55.59119,-21.10746],[55.59234,-21.10696]]]},"properties":{"n":"sentier de Takamaka","cat":"PR"}},{"type":"Feature","geometry":{"type":"MultiLineString","coordinates":[[[55.59876,-21.31081],[55.59873,-21.31124],[55.59798,-21.31191],[55.59763,-21.31242],[55.59761,-21.313],[55.59786,-21.3132],[55.59776,-21.31401],[55.59791,-21.31427],[55.59767,-21.31491],[55.59771,-21.31513],[55.59738,-21.31525],[55.59737,-21.31569],[55.59688,-21.31667],[55.59692,-21.317],[55.59666,-21.3175],[55.59675,-21.31858],[55.59591,-21.31777],[55.59583,-21.31748],[55.59529,-21.31757],[55.59514,-21.31775],[55.59508,-21.31838],[55.59484,-21.31853],[55.59407,-21.31863],[55.59388,-21.31846],[55.59381,-21.31852],[55.59386,-21.31901],[55.59369,-21.31913],[55.59381,-21.31945],[55.59343,-21.3198],[55.59344,-21.32008]],[[55.59344,-21.32008],[55.59409,-21.32032],[55.59414,-21.32061],[55.5944,-21.32094],[55.59474,-21.32096],[55.59495,-21.3212],[55.59515,-21.32125],[55.59531,-21.32087],[55.59607,-21.32095],[55.59691,-21.32186],[55.59766,-21.32228],[55.59798,-21.32227],[55.5985,-21.32272],[55.59884,-21.32271],[55.59894,-21.32285],[55.59914,-21.32286],[55.60008,-21.3226],[55.60056,-21.32263]],[[55.60056,-21.32263],[55.60081,-21.32306],[55.60156,-21.32278],[55.60256,-21.32367]],[[55.60256,-21.32367],[55.60257,-21.32496],[55.60306,-21.32592],[55.60302,-21.32707],[55.60438,-21.32655],[55.60475,-21.32655]],[[55.60475,-21.32655],[55.60491,-21.32683],[55.6057,-21.32731],[55.60717,-21.32762]],[[55.60717,-21.32762],[55.60845,-21.32793],[55.60897,-21.32874]],[[55.60963,-21.32856],[55.60897,-21.32874]],[[55.61002,-21.3277],[55.61006,-21.32809],[55.60963,-21.32856]],[[55.61016,-21.32496],[55.61007,-21.32525],[55.61021,-21.32572],[55.60983,-21.3258],[55.60985,-21.32594],[55.61013,-21.32597],[55.61028,-21.32612],[55.61018,-21.32645],[55.61029,-21.3266],[55.61001,-21.32708],[55.61012,-21.32718],[55.60993,-21.32751],[55.61002,-21.3277]],[[55.61081,-21.32378],[55.61086,-21.32407],[55.6105,-21.32466],[55.61016,-21.32496]],[[55.61064,-21.32292],[55.61081,-21.32378]],[[55.61049,-21.32065],[55.61064,-21.32292]],[[55.61049,-21.32065],[55.61131,-21.3207],[55.6116,-21.32058],[55.61201,-21.32072]],[[55.61321,-21.32115],[55.61201,-21.32072]],[[55.61321,-21.32115],[55.61411,-21.32102],[55.61457,-21.32116],[55.61464,-21.32082],[55.61415,-21.31917],[55.61412,-21.31855],[55.61436,-21.31859],[55.61476,-21.31899],[55.61576,-21.31913],[55.6159,-21.31823],[55.61549,-21.31779]],[[55.61549,-21.31779],[55.61546,-21.31749],[55.61524,-21.31731],[55.61508,-21.31658],[55.61428,-21.31589],[55.61408,-21.31529],[55.61376,-21.315],[55.61367,-21.31406],[55.61331,-21.31385],[55.61323,-21.31351],[55.61309,-21.31347],[55.61314,-21.31239],[55.61295,-21.31187],[55.61251,-21.31136],[55.61248,-21.31043],[55.61214,-21.31011],[55.61155,-21.3081],[55.61098,-21.30683],[55.61105,-21.3063],[55.61088,-21.30608],[55.61085,-21.30579],[55.61064,-21.30558],[55.61047,-21.30491],[55.61062,-21.30433],[55.61044,-21.30391],[55.61051,-21.30351],[55.61086,-21.30324],[55.61094,-21.30304],[55.61081,-21.30258],[55.61087,-21.30204],[55.61068,-21.30155],[55.61049,-21.30131],[55.61026,-21.30131],[55.60929,-21.30074],[55.60876,-21.3006],[55.60874,-21.30022],[55.60849,-21.29985],[55.60788,-21.29969],[55.60729,-21.29913],[55.60659,-21.29878],[55.60639,-21.2984],[55.60588,-21.29812],[55.60558,-21.29849],[55.60528,-21.29859],[55.60511,-21.29904],[55.60427,-21.30018],[55.60369,-21.30062],[55.60362,-21.301],[55.60346,-21.30104],[55.60353,-21.3012],[55.60335,-21.30119],[55.60347,-21.30145],[55.60322,-21.30154],[55.60281,-21.30216],[55.60256,-21.30207],[55.60232,-21.30219],[55.60255,-21.30352],[55.60318,-21.30448],[55.60329,-21.30478],[55.60324,-21.30513],[55.60236,-21.3068],[55.60198,-21.30717],[55.60153,-21.30865],[55.60104,-21.30898],[55.601,-21.31014],[55.60057,-21.31028],[55.60042,-21.31016],[55.59876,-21.31081]]]},"properties":{"n":"Boucle des Margosiers","cat":"PR"}},{"type":"Feature","geometry":{"type":"MultiLineString","coordinates":[[[55.53664,-21.06046],[55.53723,-21.0604],[55.53745,-21.06065]],[[55.53745,-21.06065],[55.5375,-21.06079]],[[55.5375,-21.06079],[55.53802,-21.06108],[55.53817,-21.06128]],[[55.53817,-21.06128],[55.53832,-21.06142]],[[55.53832,-21.06142],[55.53851,-21.06212],[55.53871,-21.06193],[55.5389,-21.06202],[55.53955,-21.06134]],[[55.54028,-21.0607],[55.53967,-21.06073],[55.53955,-21.06134]],[[55.54028,-21.0607],[55.5404,-21.06071]],[[55.5404,-21.06071],[55.54061,-21.06065]],[[55.54061,-21.06065],[55.54202,-21.0603]],[[55.54202,-21.0603],[55.54207,-21.06029]],[[55.54207,-21.06029],[55.54214,-21.06014]],[[55.54214,-21.06014],[55.54225,-21.06044]],[[55.54225,-21.06044],[55.54261,-21.06021]],[[55.54261,-21.06021],[55.54301,-21.06018]],[[55.54301,-21.06018],[55.54331,-21.06012]],[[55.54331,-21.06012],[55.54359,-21.06013]],[[55.54359,-21.06013],[55.54343,-21.05939],[55.54344,-21.05883]],[[55.54344,-21.05883],[55.54364,-21.0575],[55.54406,-21.05691],[55.54574,-21.05601],[55.54647,-21.05537],[55.548,-21.05518]],[[55.548,-21.05518],[55.54804,-21.05463],[55.54789,-21.05409],[55.54799,-21.05367],[55.54816,-21.05327],[55.5485,-21.05301],[55.5486,-21.05265],[55.54851,-21.05194],[55.54893,-21.05125],[55.54884,-21.05109],[55.549,-21.05042],[55.54882,-21.04983],[55.54944,-21.04945],[55.54955,-21.04924],[55.54911,-21.04783],[55.54964,-21.04721]],[[55.54964,-21.04721],[55.54968,-21.04717]],[[55.54968,-21.04717],[55.54983,-21.04678],[55.54955,-21.0465],[55.54955,-21.04625],[55.55637,-21.04551]],[[55.55637,-21.04551],[55.5565,-21.04531],[55.55679,-21.04517],[55.55718,-21.04518],[55.55779,-21.04479],[55.55856,-21.0439]],[[55.55637,-21.04551],[55.5565,-21.04531],[55.55679,-21.04517],[55.55718,-21.04518],[55.55779,-21.04479],[55.55856,-21.0439]],[[55.55661,-21.04827],[55.55652,-21.0479],[55.55698,-21.04662],[55.5569,-21.04638],[55.55725,-21.04593],[55.55676,-21.04556],[55.55637,-21.04551]],[[55.55661,-21.04827],[55.55654,-21.0485]],[[55.55634,-21.04949],[55.55654,-21.0485]],[[55.55634,-21.04949],[55.55581,-21.04956]],[[55.548,-21.05518],[55.54878,-21.05508],[55.54901,-21.05492],[55.5499,-21.05265],[55.55086,-21.05104],[55.5508,-21.04972],[55.55325,-21.04951],[55.55448,-21.04972],[55.55581,-21.04956]],[[55.54344,-21.05883],[55.54364,-21.0575],[55.54406,-21.05691],[55.54574,-21.05601],[55.54647,-21.05537],[55.548,-21.05518]],[[55.54359,-21.06013],[55.54343,-21.05939],[55.54344,-21.05883]],[[55.54331,-21.06012],[55.54359,-21.06013]],[[55.54301,-21.06018],[55.54331,-21.06012]],[[55.54261,-21.06021],[55.54301,-21.06018]],[[55.54225,-21.06044],[55.54261,-21.06021]],[[55.54214,-21.06014],[55.54225,-21.06044]],[[55.54207,-21.06029],[55.54214,-21.06014]],[[55.54202,-21.0603],[55.54207,-21.06029]],[[55.54061,-21.06065],[55.54202,-21.0603]],[[55.5404,-21.06071],[55.54061,-21.06065]],[[55.54028,-21.0607],[55.5404,-21.06071]],[[55.54028,-21.0607],[55.53967,-21.06073],[55.53955,-21.06134]],[[55.53832,-21.06142],[55.53851,-21.06212],[55.53871,-21.06193],[55.5389,-21.06202],[55.53955,-21.06134]],[[55.53817,-21.06128],[55.53832,-21.06142]],[[55.5375,-21.06079],[55.53802,-21.06108],[55.53817,-21.06128]],[[55.53745,-21.06065],[55.5375,-21.06079]],[[55.53664,-21.06046],[55.53723,-21.0604],[55.53745,-21.06065]]]},"properties":{"n":"Sentier du Trou de Fer","cat":"PR"}},{"type":"Feature","geometry":{"type":"MultiLineString","coordinates":[[[55.55183,-21.06118],[55.55215,-21.06092],[55.55413,-21.06016],[55.55481,-21.05978],[55.55511,-21.05946],[55.55513,-21.05908],[55.55471,-21.05846],[55.55423,-21.05678],[55.55423,-21.05646],[55.55444,-21.05608],[55.5546,-21.05534],[55.55453,-21.05504],[55.55446,-21.05483],[55.55405,-21.05481],[55.55397,-21.05465],[55.55413,-21.05428],[55.55475,-21.05386],[55.5557,-21.05262],[55.55548,-21.05216],[55.55584,-21.05146],[55.55613,-21.05124],[55.55603,-21.05031],[55.55613,-21.0498],[55.55634,-21.04949]],[[55.55634,-21.04949],[55.55654,-21.0485]],[[55.55661,-21.04827],[55.55654,-21.0485]],[[55.55661,-21.04827],[55.55652,-21.0479],[55.55698,-21.04662],[55.5569,-21.04638],[55.55725,-21.04593],[55.55676,-21.04556],[55.55637,-21.04551]],[[55.5519,-21.0683],[55.55193,-21.06786],[55.5515,-21.06712],[55.55138,-21.06651],[55.55176,-21.06356],[55.55164,-21.06158],[55.55183,-21.06118]],[[55.54233,-21.07626],[55.54261,-21.07603],[55.54306,-21.07602],[55.54362,-21.07573],[55.5443,-21.07593],[55.54465,-21.07567],[55.54488,-21.07526],[55.54519,-21.07508],[55.5459,-21.07492],[55.54654,-21.07501],[55.5469,-21.07468],[55.54737,-21.07386],[55.54735,-21.07334],[55.54758,-21.07234],[55.54801,-21.07197],[55.54898,-21.07178],[55.54962,-21.07103],[55.54996,-21.06974],[55.54983,-21.06869],[55.55003,-21.06855],[55.5508,-21.06861],[55.55118,-21.06844],[55.55158,-21.0686],[55.5519,-21.0683]]]},"properties":{"n":"Sentier de l'École normale","cat":"PR"}},{"type":"Feature","geometry":{"type":"MultiLineString","coordinates":[[[55.2544,-21.05565],[55.25414,-21.0555],[55.25413,-21.05532],[55.25369,-21.05515],[55.25415,-21.05452]],[[55.25393,-21.05447],[55.25358,-21.0546],[55.25274,-21.05427],[55.25276,-21.05387]],[[55.25276,-21.05387],[55.25307,-21.0539],[55.2534,-21.05366]],[[55.2529,-21.05284],[55.25352,-21.05251],[55.2537,-21.05271],[55.2534,-21.05366]],[[55.25302,-21.05195],[55.25284,-21.05211],[55.25278,-21.05239],[55.2529,-21.05284]],[[55.24934,-21.04465],[55.24975,-21.04468],[55.25008,-21.04498],[55.25103,-21.04538],[55.2516,-21.04624],[55.25246,-21.04718],[55.25287,-21.04711],[55.25371,-21.04731],[55.2539,-21.04755],[55.25397,-21.0481],[55.25415,-21.04816],[55.25431,-21.04842],[55.25428,-21.04883],[55.25405,-21.0492],[55.25425,-21.04979],[55.25392,-21.05019],[55.25332,-21.05015],[55.25286,-21.05056],[55.25307,-21.05073],[55.2533,-21.05151],[55.25362,-21.05186],[55.2535,-21.052],[55.25302,-21.05195]],[[55.24816,-21.04589],[55.24857,-21.04555],[55.24876,-21.0451],[55.24934,-21.04465]],[[55.24816,-21.04589],[55.24787,-21.04579],[55.24674,-21.04639],[55.24619,-21.0463],[55.24581,-21.04643],[55.24531,-21.04631],[55.24463,-21.04689],[55.24428,-21.04689],[55.24373,-21.04654],[55.24315,-21.04721],[55.24282,-21.04791],[55.24286,-21.04824],[55.24232,-21.04905],[55.24239,-21.04958],[55.24264,-21.04992],[55.24246,-21.05041],[55.24253,-21.05066],[55.2428,-21.05073],[55.243,-21.05114],[55.24319,-21.05113],[55.24343,-21.05137],[55.24317,-21.05228],[55.244,-21.05284],[55.24405,-21.05309],[55.24424,-21.05315]],[[55.24424,-21.05315],[55.2443,-21.0533]],[[55.24424,-21.05315],[55.24478,-21.05308],[55.24509,-21.0527],[55.24525,-21.05221],[55.2456,-21.05227],[55.24608,-21.05208],[55.24682,-21.05236],[55.2476,-21.05296],[55.248,-21.05292],[55.24837,-21.05333]],[[55.24837,-21.05333],[55.24867,-21.05338]],[[55.24867,-21.05338],[55.2491,-21.05338],[55.2493,-21.0537]],[[55.2493,-21.0537],[55.25045,-21.05354],[55.25048,-21.05339],[55.25026,-21.05322]],[[55.25078,-21.05206],[55.25067,-21.05233],[55.25087,-21.05351],[55.25069,-21.0533],[55.25026,-21.05322]],[[55.25111,-21.05188],[55.25078,-21.05206]],[[55.25256,-21.05317],[55.25202,-21.05285],[55.25158,-21.05278],[55.25138,-21.05246],[55.2515,-21.05216],[55.25111,-21.05188]],[[55.25276,-21.05387],[55.25256,-21.05317]]]},"properties":{"n":"Boucle Moulin Kader","cat":"PR"}},{"type":"Feature","geometry":{"type":"MultiLineString","coordinates":[[[55.74265,-21.3586],[55.74287,-21.35842],[55.74455,-21.35856],[55.74586,-21.35808],[55.74627,-21.3586],[55.74645,-21.35865]],[[55.74265,-21.3586],[55.74144,-21.35875]],[[55.74144,-21.35875],[55.74054,-21.35826]],[[55.7401,-21.35708],[55.7403,-21.35732],[55.74054,-21.35826]],[[55.7401,-21.35708],[55.74049,-21.35681],[55.74048,-21.35666],[55.74019,-21.35654]],[[55.73971,-21.35551],[55.74019,-21.35654]],[[55.73971,-21.35551],[55.73934,-21.35525],[55.73933,-21.3549]],[[55.73933,-21.3549],[55.73945,-21.35462],[55.73929,-21.35443],[55.73936,-21.3535],[55.73948,-21.35337],[55.74033,-21.35328],[55.73997,-21.35295]],[[55.73997,-21.35295],[55.74045,-21.35231]],[[55.7402,-21.35103],[55.74041,-21.35147],[55.74045,-21.35231]],[[55.73907,-21.35205],[55.73873,-21.35196],[55.73851,-21.35171],[55.73782,-21.35152],[55.73773,-21.35133],[55.73876,-21.35108],[55.73879,-21.35045],[55.73925,-21.35052],[55.73985,-21.35035],[55.73964,-21.35045],[55.73957,-21.35088],[55.7402,-21.35103]],[[55.73907,-21.35205],[55.73967,-21.35261],[55.74045,-21.35231]],[[55.73997,-21.35295],[55.74045,-21.35231]],[[55.73933,-21.3549],[55.73908,-21.35473],[55.73896,-21.35422],[55.73865,-21.35406],[55.73854,-21.35345],[55.7389,-21.35326],[55.7385,-21.35309],[55.73846,-21.3529],[55.73864,-21.35266],[55.73881,-21.35282],[55.73935,-21.35277],[55.73955,-21.35293],[55.73997,-21.35295]],[[55.73971,-21.35551],[55.73934,-21.35525],[55.73933,-21.3549]],[[55.73971,-21.35551],[55.74019,-21.35654]],[[55.7401,-21.35708],[55.74049,-21.35681],[55.74048,-21.35666],[55.74019,-21.35654]],[[55.7401,-21.35708],[55.7403,-21.35732],[55.74054,-21.35826]],[[55.74144,-21.35875],[55.74054,-21.35826]],[[55.74265,-21.3586],[55.74144,-21.35875]],[[55.74265,-21.3586],[55.74287,-21.35842],[55.74455,-21.35856],[55.74586,-21.35808],[55.74627,-21.3586],[55.74645,-21.35865]]]},"properties":{"n":"Sentier botanique de Mare-Longue (grande boucle)","cat":"PR"}},{"type":"Feature","geometry":{"type":"MultiLineString","coordinates":[[[55.61746,-21.3566],[55.61777,-21.35645]],[[55.61677,-21.35684],[55.61688,-21.35671],[55.61746,-21.3566]],[[55.61677,-21.35684],[55.61675,-21.35695]],[[55.61612,-21.35718],[55.61675,-21.35695]],[[55.61612,-21.35718],[55.61595,-21.35698],[55.61599,-21.35682]],[[55.61599,-21.35682],[55.61572,-21.35666],[55.61557,-21.35717],[55.61518,-21.35761]],[[55.61518,-21.35761],[55.61464,-21.35783],[55.6147,-21.35764],[55.61444,-21.35742],[55.61456,-21.35739],[55.61442,-21.35728],[55.61457,-21.35727],[55.61434,-21.35699],[55.61448,-21.35701],[55.61431,-21.35646]],[[55.61431,-21.35646],[55.61335,-21.35558]],[[55.61431,-21.35646],[55.61469,-21.35693],[55.61473,-21.35664],[55.61523,-21.35691],[55.61518,-21.35761]],[[55.61599,-21.35682],[55.61572,-21.35666],[55.61557,-21.35717],[55.61518,-21.35761]],[[55.61612,-21.35718],[55.61595,-21.35698],[55.61599,-21.35682]],[[55.61612,-21.35718],[55.61675,-21.35695]],[[55.61677,-21.35684],[55.61675,-21.35695]],[[55.61777,-21.35645],[55.61757,-21.35634],[55.61717,-21.35638],[55.61693,-21.35609],[55.61672,-21.35668],[55.61677,-21.35684]]]},"properties":{"n":"Boucle du Piton de l'Entonnoir","cat":"PR"}},{"type":"Feature","geometry":{"type":"MultiLineString","coordinates":[[[55.55014,-21.37101],[55.55098,-21.37079]],[[55.55117,-21.37194],[55.55133,-21.37135],[55.55126,-21.37116],[55.5511,-21.37115],[55.5513,-21.37086],[55.55098,-21.37079]],[[55.55137,-21.37319],[55.55127,-21.37305],[55.55092,-21.37301],[55.55119,-21.37289],[55.55145,-21.37254],[55.55107,-21.37252],[55.55109,-21.37237],[55.55087,-21.37229],[55.55104,-21.37227],[55.55117,-21.37194]],[[55.55137,-21.37319],[55.55157,-21.37354],[55.55122,-21.3739],[55.55118,-21.3741],[55.55099,-21.37415]],[[55.55137,-21.37319],[55.55157,-21.37354],[55.55122,-21.3739],[55.55118,-21.3741],[55.55099,-21.37415]],[[55.55217,-21.37212],[55.55211,-21.37242],[55.5518,-21.37248],[55.55179,-21.37269],[55.55145,-21.37287],[55.55137,-21.37319]],[[55.55217,-21.37212],[55.55276,-21.37217]],[[55.55276,-21.37217],[55.55279,-21.37226]],[[55.55276,-21.37217],[55.55279,-21.37226]],[[55.55276,-21.37217],[55.5528,-21.37201]],[[55.5528,-21.37201],[55.553,-21.37214]],[[55.5528,-21.37201],[55.553,-21.37214]],[[55.5528,-21.37201],[55.55277,-21.37187],[55.55299,-21.37179],[55.55296,-21.37164],[55.55338,-21.37107],[55.5529,-21.37047]],[[55.5529,-21.37047],[55.55259,-21.37061],[55.55098,-21.37079]],[[55.55014,-21.37101],[55.55098,-21.37079]]]},"properties":{"n":"Boucle du Piton de Grande Anse","cat":"PR"}},{"type":"Feature","geometry":{"type":"MultiLineString","coordinates":[[[55.82695,-21.18558],[55.82754,-21.18592],[55.82774,-21.18569]],[[55.82774,-21.18569],[55.82849,-21.18582]],[[55.82849,-21.18582],[55.82941,-21.18582]],[[55.82941,-21.18582],[55.82943,-21.18582]],[[55.82943,-21.18582],[55.82947,-21.18582]],[[55.82947,-21.18582],[55.82952,-21.18581]],[[55.82952,-21.18581],[55.82955,-21.18584]],[[55.82955,-21.18584],[55.82984,-21.18604]],[[55.82984,-21.18604],[55.83006,-21.1861],[55.83046,-21.18594],[55.83072,-21.18554],[55.83117,-21.18535]],[[55.83117,-21.18535],[55.83189,-21.18546],[55.83244,-21.18532],[55.83276,-21.18538],[55.83306,-21.18505],[55.83334,-21.18497],[55.83379,-21.1839],[55.83503,-21.18404],[55.83552,-21.18358],[55.8359,-21.18354],[55.83616,-21.18323],[55.83634,-21.18321],[55.83652,-21.18268]],[[55.83652,-21.18268],[55.83628,-21.18224],[55.83594,-21.18205],[55.83577,-21.18149],[55.83523,-21.18105],[55.83522,-21.18044],[55.83504,-21.18021],[55.83454,-21.18014],[55.8343,-21.17991],[55.83424,-21.17958],[55.83438,-21.17926],[55.83435,-21.1789],[55.83415,-21.17855],[55.83414,-21.17812],[55.83332,-21.17724],[55.83303,-21.17666]],[[55.83303,-21.17666],[55.83347,-21.17628],[55.83367,-21.17573],[55.83313,-21.17535],[55.8328,-21.17541],[55.8327,-21.17495],[55.83294,-21.1743],[55.83297,-21.17368],[55.83292,-21.17267],[55.83272,-21.17194],[55.83288,-21.17062],[55.83272,-21.17017],[55.83294,-21.16975],[55.83303,-21.16913],[55.83252,-21.16808],[55.83269,-21.16715],[55.83254,-21.16633],[55.83217,-21.16609],[55.83236,-21.16584],[55.83223,-21.16472]],[[55.83223,-21.16472],[55.83235,-21.16388],[55.83219,-21.16322]],[[55.83219,-21.16322],[55.83203,-21.16288]],[[55.83303,-21.17666],[55.83239,-21.17746],[55.83239,-21.17796]],[[55.83239,-21.17796],[55.83156,-21.17998],[55.83107,-21.18046],[55.83,-21.18112],[55.82971,-21.18161]],[[55.82971,-21.18161],[55.82966,-21.18208],[55.83003,-21.18323],[55.82985,-21.18338],[55.82959,-21.18336]],[[55.82959,-21.18336],[55.82932,-21.18335]],[[55.82932,-21.18335],[55.82921,-21.18364],[55.8295,-21.18407]],[[55.8295,-21.18407],[55.8297,-21.18447],[55.82942,-21.18477],[55.82922,-21.1847],[55.8289,-21.18416]],[[55.8289,-21.18416],[55.82882,-21.18406]],[[55.82882,-21.18406],[55.8284,-21.18361],[55.8283,-21.18364]],[[55.8283,-21.18364],[55.82826,-21.18367]],[[55.82826,-21.18367],[55.82803,-21.18408],[55.82741,-21.18458],[55.82709,-21.18528]],[[55.82709,-21.18528],[55.82695,-21.18558]]]},"properties":{"n":"Boucle de la Pointe des Cascades","cat":"PR"}},{"type":"Feature","geometry":{"type":"MultiLineString","coordinates":[[[55.73971,-21.35551],[55.73934,-21.35525],[55.73933,-21.3549]],[[55.73933,-21.3549],[55.73945,-21.35462],[55.73929,-21.35443],[55.73936,-21.3535],[55.73948,-21.35337],[55.74033,-21.35328],[55.73997,-21.35295]],[[55.73933,-21.3549],[55.73908,-21.35473],[55.73896,-21.35422],[55.73865,-21.35406],[55.73854,-21.35345],[55.7389,-21.35326],[55.7385,-21.35309],[55.73846,-21.3529],[55.73864,-21.35266],[55.73881,-21.35282],[55.73935,-21.35277],[55.73955,-21.35293],[55.73997,-21.35295]],[[55.73971,-21.35551],[55.73934,-21.35525],[55.73933,-21.3549]]]},"properties":{"n":"Sentier botanique de Mare-Longue (petite boucle)","cat":"PR"}},{"type":"Feature","geometry":{"type":"MultiLineString","coordinates":[[[55.54059,-21.32878],[55.54123,-21.32795]],[[55.54123,-21.32795],[55.54131,-21.32776]],[[55.54131,-21.32776],[55.54149,-21.32789],[55.54151,-21.32823],[55.54054,-21.32936],[55.54059,-21.32973],[55.54093,-21.32975],[55.54105,-21.32991],[55.54182,-21.32944]],[[55.54182,-21.32944],[55.54227,-21.32886],[55.54248,-21.32835],[55.54239,-21.3275],[55.54205,-21.32703],[55.54125,-21.32674],[55.53962,-21.32718],[55.53866,-21.32792],[55.53798,-21.32901],[55.53877,-21.32936],[55.53921,-21.32924],[55.53975,-21.32892],[55.53992,-21.32866],[55.54024,-21.32856],[55.54048,-21.328],[55.54064,-21.32802],[55.54108,-21.32773],[55.54131,-21.32776]],[[55.54123,-21.32795],[55.54131,-21.32776]],[[55.54059,-21.32878],[55.54123,-21.32795]]]},"properties":{"n":"Boucle de Piton Mont Vert","cat":"PR"}},{"type":"Feature","geometry":{"type":"MultiLineString","coordinates":[[[55.63551,-21.19112],[55.63576,-21.19074],[55.63577,-21.1905],[55.63509,-21.18943],[55.63493,-21.18821]],[[55.63493,-21.18821],[55.63495,-21.18802]],[[55.63495,-21.18802],[55.63491,-21.18774],[55.63499,-21.18758],[55.63512,-21.18758]],[[55.63493,-21.18821],[55.63482,-21.18813],[55.63461,-21.18837],[55.6345,-21.18768],[55.6343,-21.18804],[55.63424,-21.18772],[55.63392,-21.18797],[55.63204,-21.1883],[55.63187,-21.18808],[55.63169,-21.18808],[55.63163,-21.18775],[55.63067,-21.18762],[55.62918,-21.18698]],[[55.62918,-21.18698],[55.62879,-21.18679],[55.62834,-21.18694]],[[55.62918,-21.18698],[55.62959,-21.18741]],[[55.62959,-21.18741],[55.62964,-21.18758],[55.6295,-21.18786],[55.629,-21.18844],[55.62846,-21.18876],[55.62813,-21.18913],[55.62809,-21.18935],[55.62735,-21.18975],[55.62698,-21.19011],[55.62702,-21.19156],[55.6268,-21.19194],[55.6266,-21.19199],[55.6265,-21.19236],[55.62615,-21.19276],[55.62614,-21.19309]],[[55.62614,-21.19309],[55.62685,-21.19323]],[[55.62685,-21.19323],[55.62709,-21.19326]],[[55.62709,-21.19326],[55.62843,-21.1929],[55.62889,-21.19266],[55.63048,-21.19233],[55.63087,-21.1919],[55.63168,-21.19212],[55.63194,-21.19195]],[[55.63194,-21.19195],[55.63302,-21.19152],[55.63396,-21.19089],[55.63551,-21.19112]]]},"properties":{"n":"Promenade des Pitons","cat":"PR"}},{"type":"Feature","geometry":{"type":"MultiLineString","coordinates":[[[55.60963,-21.20052],[55.60878,-21.2002]],[[55.61737,-21.20157],[55.61742,-21.20139],[55.61713,-21.20071],[55.61697,-21.20063],[55.61698,-21.20035],[55.61654,-21.20022],[55.6167,-21.19969],[55.61639,-21.19954],[55.61596,-21.19985],[55.61592,-21.20028],[55.61568,-21.20034],[55.61546,-21.2001],[55.615,-21.20013],[55.61471,-21.20025],[55.61452,-21.2005],[55.61426,-21.20019],[55.61396,-21.20031],[55.614,-21.20052],[55.61382,-21.20066],[55.61355,-21.20072],[55.6134,-21.20061],[55.61303,-21.20073],[55.61226,-21.20049],[55.60986,-21.20038],[55.60963,-21.20052]],[[55.61915,-21.20241],[55.61833,-21.20135],[55.6179,-21.20165],[55.61737,-21.20157]],[[55.62003,-21.20317],[55.61936,-21.20312],[55.61923,-21.20285],[55.61933,-21.20247],[55.61915,-21.20241]],[[55.62003,-21.20317],[55.61991,-21.20387],[55.62002,-21.20443],[55.61997,-21.20577]],[[55.61268,-21.20575],[55.61334,-21.20526],[55.61331,-21.20503],[55.61387,-21.20486],[55.6142,-21.20445],[55.61436,-21.20448],[55.61445,-21.20427],[55.61512,-21.20396],[55.61543,-21.20373],[55.61554,-21.20345],[55.6157,-21.20346],[55.61615,-21.20307],[55.61639,-21.20266],[55.61636,-21.20237],[55.61681,-21.2022],[55.61657,-21.20211],[55.61676,-21.20162],[55.61737,-21.20157]],[[55.61268,-21.20575],[55.61265,-21.20557]],[[55.60963,-21.20052],[55.60975,-21.20062],[55.60928,-21.20116],[55.6088,-21.20205],[55.60927,-21.20348],[55.60889,-21.20361],[55.6089,-21.20383],[55.60932,-21.20412],[55.60938,-21.20439],[55.60973,-21.20477],[55.61128,-21.2053],[55.61223,-21.20578],[55.61268,-21.20575]],[[55.60963,-21.20052],[55.60878,-21.2002]]]},"properties":{"n":"La boucle des Trous Blancs","cat":"PR"}},{"type":"Feature","geometry":{"type":"MultiLineString","coordinates":[[[55.48264,-21.24927],[55.48304,-21.24869],[55.48401,-21.24797],[55.48415,-21.24792],[55.48422,-21.24823],[55.48433,-21.24828],[55.48511,-21.24798],[55.48543,-21.24769],[55.48547,-21.24787],[55.48645,-21.24736],[55.48629,-21.24767],[55.48666,-21.2476],[55.48712,-21.2466],[55.4872,-21.24694],[55.48737,-21.24668],[55.48741,-21.24708],[55.4875,-21.24691],[55.48759,-21.24702],[55.48775,-21.24673],[55.48773,-21.24722],[55.48814,-21.24634],[55.4882,-21.24766],[55.48789,-21.24801],[55.48748,-21.24813],[55.48709,-21.24845],[55.48764,-21.24838],[55.48659,-21.24912],[55.48812,-21.24848]],[[55.4824,-21.24921],[55.48264,-21.24927]],[[55.47606,-21.25201],[55.47663,-21.25191],[55.47677,-21.25196],[55.4766,-21.25208],[55.47709,-21.25192],[55.47754,-21.25202],[55.4784,-21.25184],[55.47877,-21.25145],[55.47935,-21.25121],[55.47948,-21.25096],[55.47955,-21.25121],[55.47978,-21.25098],[55.47978,-21.25127],[55.47874,-21.25195],[55.47847,-21.25236],[55.47952,-21.25167],[55.47969,-21.25191],[55.4801,-21.25151],[55.48034,-21.25054],[55.48067,-21.25006],[55.48126,-21.24966],[55.4824,-21.24921]],[[55.48264,-21.24927],[55.48304,-21.24869],[55.48401,-21.24797],[55.48415,-21.24792],[55.48422,-21.24823],[55.48433,-21.24828],[55.48511,-21.24798],[55.48543,-21.24769],[55.48547,-21.24787],[55.48645,-21.24736],[55.48629,-21.24767],[55.48666,-21.2476],[55.48712,-21.2466],[55.4872,-21.24694],[55.48737,-21.24668],[55.48741,-21.24708],[55.4875,-21.24691],[55.48759,-21.24702],[55.48775,-21.24673],[55.48773,-21.24722],[55.48814,-21.24634],[55.4882,-21.24766],[55.48789,-21.24801],[55.48748,-21.24813],[55.48709,-21.24845],[55.48764,-21.24838],[55.48659,-21.24912],[55.48812,-21.24848]]]},"properties":{"n":"Le sentier du Bras de la Plaine","cat":"PR"}},{"type":"Feature","geometry":{"type":"MultiLineString","coordinates":[[[55.46438,-21.2471],[55.46413,-21.24769],[55.46392,-21.24747],[55.46383,-21.24702],[55.46361,-21.24734],[55.46347,-21.24724],[55.46322,-21.2474],[55.46311,-21.24714],[55.46302,-21.24722],[55.46298,-21.24713],[55.46279,-21.24739],[55.4628,-21.24693],[55.46264,-21.24746],[55.46273,-21.24768],[55.46303,-21.24789],[55.46299,-21.2481]],[[55.46299,-21.2481],[55.46232,-21.24763],[55.46229,-21.2464]]]},"properties":{"n":"Randocroquis de Coteau Sec","cat":"PR"}},{"type":"Feature","geometry":{"type":"MultiLineString","coordinates":[[[55.34655,-20.9223],[55.34671,-20.92204],[55.34667,-20.92168],[55.34683,-20.92172],[55.34678,-20.92156],[55.34717,-20.92172],[55.34717,-20.92158],[55.34748,-20.92171],[55.34759,-20.92152],[55.34776,-20.92159],[55.34733,-20.92103],[55.34761,-20.92107],[55.34754,-20.92088],[55.34773,-20.92067],[55.34803,-20.92079],[55.34885,-20.91991],[55.34914,-20.91982],[55.3493,-20.92],[55.34943,-20.91957],[55.35014,-20.91866]],[[55.35014,-20.91866],[55.35117,-20.91709]],[[55.35117,-20.91709],[55.35238,-20.91645],[55.35273,-20.91584],[55.35289,-20.91416],[55.35302,-20.91389],[55.35321,-20.91386],[55.35307,-20.91342],[55.35496,-20.91368]],[[55.35496,-20.91368],[55.35503,-20.91359]],[[55.35503,-20.91359],[55.3551,-20.913],[55.35502,-20.91259],[55.35516,-20.91258],[55.35523,-20.91243],[55.35556,-20.91272],[55.3556,-20.91246],[55.35582,-20.91259],[55.35589,-20.91246],[55.35598,-20.91253],[55.35716,-20.91164],[55.35869,-20.91128]],[[55.35869,-20.91128],[55.35916,-20.91083]],[[55.35916,-20.91083],[55.35931,-20.91075],[55.35981,-20.91119],[55.36009,-20.9111],[55.36022,-20.91127],[55.36064,-20.91135]],[[55.36064,-20.91135],[55.36291,-20.91075],[55.36336,-20.91032],[55.36405,-20.90997],[55.36477,-20.90899]],[[55.36477,-20.90899],[55.36535,-20.90823],[55.36565,-20.9075]],[[55.36565,-20.9075],[55.3662,-20.90732],[55.36653,-20.90707],[55.3674,-20.90555],[55.36843,-20.90447]],[[55.36843,-20.90447],[55.36876,-20.90428],[55.36957,-20.90474],[55.36949,-20.90374]],[[55.36949,-20.90374],[55.36961,-20.90365]],[[55.36961,-20.90365],[55.3699,-20.90331],[55.37019,-20.90358],[55.37037,-20.90319],[55.3706,-20.90349],[55.37117,-20.903],[55.37286,-20.90281]],[[55.37286,-20.90281],[55.3732,-20.9029],[55.37381,-20.90339],[55.37382,-20.90316],[55.37449,-20.90347],[55.37423,-20.90291],[55.37467,-20.90316],[55.3745,-20.90261],[55.37499,-20.90274],[55.37496,-20.9023],[55.37526,-20.90249],[55.37532,-20.90204],[55.37563,-20.90229],[55.37589,-20.9016],[55.37556,-20.90119],[55.37568,-20.9011],[55.37572,-20.90076]],[[55.37547,-20.90031],[55.37572,-20.90076]],[[55.37554,-20.89779],[55.37561,-20.89815],[55.37548,-20.89884],[55.37517,-20.89925],[55.37547,-20.90031]],[[55.3753,-20.897],[55.37554,-20.89779]],[[55.3753,-20.897],[55.37584,-20.89672]],[[55.37614,-20.89662],[55.37584,-20.89672]],[[55.37631,-20.89655],[55.37614,-20.89662]],[[55.37679,-20.89627],[55.37631,-20.89655]],[[55.37736,-20.89556],[55.37679,-20.89627]],[[55.37744,-20.89544],[55.37736,-20.89556]],[[55.37752,-20.89533],[55.37744,-20.89544]],[[55.37752,-20.89533],[55.37765,-20.89537]],[[55.37765,-20.89537],[55.37861,-20.89545]],[[55.37861,-20.89545],[55.37873,-20.89494],[55.37967,-20.89526],[55.37946,-20.89437],[55.38004,-20.89472],[55.38004,-20.8944],[55.38062,-20.89478],[55.38051,-20.89418],[55.38081,-20.89435],[55.38096,-20.8942],[55.38096,-20.89391],[55.38117,-20.89417]],[[55.38117,-20.89417],[55.38134,-20.89412],[55.38372,-20.89621],[55.38425,-20.89682]],[[55.38425,-20.89682],[55.38527,-20.89787]],[[55.38527,-20.89787],[55.38608,-20.89929]],[[55.38608,-20.89929],[55.38637,-20.89981],[55.38752,-20.90075],[55.38862,-20.90144],[55.3892,-20.90219],[55.39078,-20.90299]],[[55.39078,-20.90299],[55.3912,-20.90349],[55.39127,-20.90381]],[[55.39168,-20.90448],[55.39127,-20.90381]],[[55.39388,-20.90503],[55.39319,-20.90492],[55.39276,-20.90518],[55.39168,-20.90448]],[[55.39437,-20.90442],[55.39388,-20.90503]],[[55.39573,-20.9047],[55.39469,-20.90437],[55.39437,-20.90442]],[[55.39755,-20.90526],[55.39714,-20.90492],[55.39632,-20.905],[55.39573,-20.9047]],[[55.39755,-20.90526],[55.39782,-20.90542],[55.3982,-20.90488],[55.39856,-20.90513]],[[55.39856,-20.90513],[55.39866,-20.90505]],[[55.39866,-20.90505],[55.39849,-20.90425],[55.39797,-20.90383],[55.39816,-20.90295]]]},"properties":{"n":"Chemin Crémont","cat":"PR"}},{"type":"Feature","geometry":{"type":"MultiLineString","coordinates":[[[55.50171,-21.15663],[55.5017,-21.15602],[55.50126,-21.15518],[55.5013,-21.15465],[55.50093,-21.1538],[55.50129,-21.15295],[55.50115,-21.15214],[55.50135,-21.15114],[55.50157,-21.15088],[55.50162,-21.15054],[55.50157,-21.14968],[55.50198,-21.14884],[55.5024,-21.14692],[55.50338,-21.14554],[55.5041,-21.14479],[55.50462,-21.14454],[55.50487,-21.14427],[55.50491,-21.14396],[55.50545,-21.14351],[55.50554,-21.14298],[55.50608,-21.14269],[55.50678,-21.14207],[55.50729,-21.14142],[55.50826,-21.13961],[55.50817,-21.13924],[55.50835,-21.13903],[55.50832,-21.13878],[55.5086,-21.13843],[55.50865,-21.13806],[55.50954,-21.13664],[55.51035,-21.13598],[55.51033,-21.13572],[55.51062,-21.1354],[55.51089,-21.13468],[55.51089,-21.13425],[55.51144,-21.13307],[55.51176,-21.13259],[55.51211,-21.13241],[55.5125,-21.132]],[[55.50174,-21.15667],[55.50171,-21.15663]],[[55.49765,-21.17003],[55.4979,-21.16976],[55.49804,-21.1692],[55.49807,-21.16876],[55.49771,-21.16748],[55.49818,-21.16583],[55.49862,-21.16485],[55.49927,-21.16382],[55.4998,-21.16228],[55.5002,-21.16174],[55.50062,-21.16077],[55.50218,-21.15907],[55.50223,-21.1586],[55.50174,-21.15667]],[[55.48849,-21.18342],[55.48856,-21.18331],[55.4889,-21.18334],[55.49111,-21.18171],[55.49151,-21.1812],[55.49342,-21.17968],[55.49391,-21.17884],[55.49453,-21.17824],[55.49533,-21.17687],[55.49522,-21.17613],[55.49608,-21.17411],[55.49658,-21.1715],[55.4967,-21.1712],[55.49728,-21.17072],[55.49765,-21.17003]]]},"properties":{"n":"Sentier Jacky Inard","cat":"PR"}},{"type":"Feature","geometry":{"type":"MultiLineString","coordinates":[[[55.4832,-21.12346],[55.48247,-21.12257],[55.48352,-21.12281],[55.48374,-21.12201],[55.48407,-21.12188],[55.48396,-21.12172],[55.48417,-21.12169],[55.48407,-21.1216],[55.48428,-21.12155],[55.48422,-21.12141],[55.48465,-21.12139],[55.48481,-21.12118],[55.48466,-21.12117],[55.48475,-21.12103],[55.48461,-21.12104],[55.48463,-21.12094],[55.48455,-21.12103],[55.48438,-21.12079],[55.48459,-21.12078],[55.48447,-21.12056],[55.48474,-21.12061],[55.48439,-21.12038],[55.48445,-21.11995],[55.4846,-21.12007],[55.48463,-21.11978],[55.48501,-21.11949],[55.48513,-21.11959],[55.48529,-21.1193],[55.4855,-21.11949],[55.48561,-21.1195],[55.48564,-21.11932],[55.48597,-21.11943],[55.486,-21.11885],[55.48625,-21.11907],[55.48641,-21.11904],[55.48632,-21.11895],[55.48656,-21.11896],[55.48638,-21.11881],[55.48637,-21.11824],[55.48709,-21.1179],[55.48675,-21.11785],[55.48686,-21.11782],[55.48671,-21.11767],[55.48696,-21.1176],[55.48679,-21.11759],[55.48695,-21.11743],[55.48683,-21.11736],[55.48716,-21.11733],[55.48751,-21.11686],[55.48738,-21.11644],[55.48707,-21.11632],[55.48711,-21.11609],[55.4875,-21.11571],[55.48831,-21.11563],[55.48789,-21.11531],[55.48799,-21.11521],[55.48791,-21.11439],[55.48773,-21.11386],[55.48819,-21.11295],[55.48876,-21.11283],[55.48886,-21.11306],[55.48962,-21.113],[55.48952,-21.11327],[55.49049,-21.11368],[55.49071,-21.11336],[55.49113,-21.11323],[55.4912,-21.11335],[55.49137,-21.1133],[55.49162,-21.11357],[55.49157,-21.11312],[55.4917,-21.11313],[55.49174,-21.11293],[55.49223,-21.11344],[55.49232,-21.11344],[55.49225,-21.1133],[55.49242,-21.1134],[55.49248,-21.11322],[55.49271,-21.11322],[55.49281,-21.11327],[55.49274,-21.11351],[55.49285,-21.11341],[55.49299,-21.11347],[55.49297,-21.11333],[55.49316,-21.11355],[55.49317,-21.11321],[55.49327,-21.11313],[55.49341,-21.1133],[55.49341,-21.1131],[55.49352,-21.11317],[55.49344,-21.11293],[55.49356,-21.11304],[55.49354,-21.11267],[55.49368,-21.11264],[55.49369,-21.11249],[55.4941,-21.11294],[55.49407,-21.11266],[55.49426,-21.1132],[55.49435,-21.1129],[55.49442,-21.11313],[55.49448,-21.11286],[55.49464,-21.113],[55.49464,-21.11272],[55.49479,-21.11291],[55.49474,-21.11268],[55.49494,-21.11286],[55.49487,-21.11275],[55.49503,-21.11275],[55.49495,-21.11268],[55.49518,-21.11273],[55.49498,-21.11258],[55.49492,-21.11234],[55.49505,-21.1121],[55.49497,-21.112],[55.49516,-21.112],[55.49511,-21.11189],[55.49521,-21.11194],[55.49525,-21.11179],[55.49482,-21.11157],[55.49522,-21.11142],[55.49519,-21.11126],[55.49537,-21.11113]],[[55.49537,-21.11113],[55.49533,-21.11083],[55.49574,-21.11014],[55.49606,-21.10985]],[[55.49606,-21.10985],[55.49605,-21.10972]],[[55.49605,-21.10972],[55.49474,-21.10898],[55.49423,-21.108],[55.49328,-21.10685],[55.49316,-21.10627],[55.49248,-21.10516],[55.49226,-21.1041],[55.49201,-21.10401],[55.49199,-21.10383],[55.49144,-21.10363],[55.49053,-21.10211],[55.48958,-21.10166],[55.48925,-21.10137],[55.48757,-21.10101],[55.48771,-21.10071],[55.48772,-21.1002],[55.48799,-21.09973],[55.48797,-21.09943],[55.4866,-21.09851],[55.4865,-21.0983],[55.48663,-21.09813],[55.48659,-21.09793],[55.48645,-21.09781],[55.48585,-21.09777],[55.48559,-21.0979],[55.4848,-21.09765],[55.48454,-21.09728],[55.48363,-21.09692],[55.4834,-21.09669],[55.4823,-21.09656],[55.48201,-21.09636],[55.48108,-21.09614],[55.48014,-21.0968],[55.47983,-21.09754],[55.47974,-21.09829],[55.48006,-21.09943]]]},"properties":{"n":"Sentier du Piton des Neiges","cat":"PR"}},{"type":"Feature","geometry":{"type":"MultiLineString","coordinates":[[[55.685,-21.22529],[55.68565,-21.2249],[55.68617,-21.2242]],[[55.68617,-21.2242],[55.68742,-21.22295],[55.68793,-21.22263]],[[55.68793,-21.22263],[55.68838,-21.2225],[55.68856,-21.22225],[55.68919,-21.22228]],[[55.68919,-21.22228],[55.68922,-21.22255],[55.68923,-21.22239],[55.68942,-21.22237],[55.6894,-21.22268],[55.68948,-21.22249],[55.6897,-21.22253],[55.68989,-21.22239],[55.68988,-21.22257],[55.69098,-21.22195],[55.69158,-21.22188],[55.69186,-21.22202]],[[55.69186,-21.22202],[55.69191,-21.22206]],[[55.69191,-21.22206],[55.69187,-21.22225],[55.6922,-21.22306]],[[55.6922,-21.22306],[55.69274,-21.22381],[55.69323,-21.2256],[55.69391,-21.22685],[55.69606,-21.22952],[55.69629,-21.23007],[55.69642,-21.23093]],[[55.69642,-21.23093],[55.69682,-21.23098],[55.69703,-21.23127],[55.69765,-21.23171],[55.69794,-21.23216],[55.69844,-21.23234],[55.69871,-21.23269],[55.69909,-21.23282],[55.69995,-21.23343]],[[55.69995,-21.23343],[55.70012,-21.23387],[55.7006,-21.23412],[55.70123,-21.23387],[55.70198,-21.23389],[55.7025,-21.2343],[55.7031,-21.23418],[55.70431,-21.2346],[55.70469,-21.23495],[55.70534,-21.23479],[55.70609,-21.23556],[55.70607,-21.2357],[55.70653,-21.23569],[55.70685,-21.23642],[55.70722,-21.23675],[55.70799,-21.23671],[55.70851,-21.23696],[55.70938,-21.23698],[55.71069,-21.23742],[55.71103,-21.23732],[55.71186,-21.23763],[55.71243,-21.23767],[55.71277,-21.23757],[55.71377,-21.23824],[55.71436,-21.23822],[55.71482,-21.23843],[55.71638,-21.23845],[55.7167,-21.23835],[55.7171,-21.23856],[55.71778,-21.23857],[55.71896,-21.2391],[55.71907,-21.23952],[55.71955,-21.23965],[55.72,-21.24016],[55.72023,-21.24026]],[[55.72023,-21.24026],[55.72056,-21.24074],[55.72122,-21.24098],[55.72143,-21.24129],[55.72135,-21.24309],[55.72129,-21.24322],[55.72069,-21.24345],[55.7206,-21.24363],[55.72021,-21.24367],[55.72025,-21.24403],[55.72007,-21.24471],[55.72016,-21.24518],[55.7194,-21.24555]]]},"properties":{"n":"Sentier du Cratère Dolomieu","cat":"PR"}},{"type":"Feature","geometry":{"type":"MultiLineString","coordinates":[[[55.45539,-20.89733],[55.45496,-20.89743],[55.45465,-20.89799],[55.45452,-20.89867],[55.45387,-20.89923],[55.45392,-20.89887],[55.45361,-20.89937],[55.4537,-20.89881],[55.45343,-20.89915],[55.45288,-20.90061],[55.45258,-20.90007],[55.45197,-20.89989]],[[55.45197,-20.89989],[55.4523,-20.90029],[55.45157,-20.90007],[55.452,-20.90058],[55.45176,-20.90056],[55.45152,-20.90089],[55.45157,-20.90098],[55.45128,-20.90126],[55.45112,-20.90198]],[[55.45112,-20.90198],[55.45091,-20.90226],[55.45029,-20.90209]],[[55.45029,-20.90209],[55.44956,-20.90308],[55.44942,-20.90365],[55.44951,-20.904]],[[55.44951,-20.904],[55.44967,-20.90418],[55.44969,-20.90448],[55.44951,-20.90523],[55.44885,-20.90622],[55.44867,-20.90668],[55.44894,-20.90661],[55.44876,-20.90688],[55.44848,-20.90701],[55.44856,-20.90707]],[[55.44856,-20.90707],[55.44901,-20.90721],[55.44887,-20.90742],[55.44848,-20.90755]],[[55.44848,-20.90755],[55.4481,-20.90831],[55.44783,-20.90856],[55.44764,-20.90921],[55.44725,-20.90877],[55.44717,-20.90924],[55.44701,-20.90911],[55.44696,-20.90926]],[[55.44696,-20.90926],[55.44686,-20.90958],[55.44665,-20.90975],[55.44638,-20.91078],[55.44628,-20.91063],[55.44609,-20.91126],[55.44554,-20.91155],[55.44439,-20.91286],[55.44437,-20.91274],[55.44429,-20.91282],[55.44437,-20.91333],[55.44394,-20.91373],[55.44383,-20.91404],[55.44379,-20.9144],[55.44393,-20.91479],[55.44368,-20.91466],[55.443,-20.91669],[55.44312,-20.91672],[55.44276,-20.91709],[55.44285,-20.91711],[55.44258,-20.91745],[55.44284,-20.9174],[55.44239,-20.91797],[55.44262,-20.9178],[55.44263,-20.91837],[55.44301,-20.91883],[55.44275,-20.91928],[55.44331,-20.91901],[55.44344,-20.91906],[55.44346,-20.91934],[55.44372,-20.9193],[55.44363,-20.91946],[55.44326,-20.91984],[55.44318,-20.92008],[55.44181,-20.92089],[55.44118,-20.92162],[55.44014,-20.92206],[55.43936,-20.92258],[55.43869,-20.92266],[55.43853,-20.92225],[55.43811,-20.92207]],[[55.43811,-20.92207],[55.43789,-20.92189]]]},"properties":{"n":"Sentier Mercure","cat":"PR"}},{"type":"Feature","geometry":{"type":"MultiLineString","coordinates":[[[55.43703,-20.95204],[55.43681,-20.95208],[55.43677,-20.95228],[55.43715,-20.95321],[55.43728,-20.9532],[55.43725,-20.95355],[55.43737,-20.95352],[55.43731,-20.95358],[55.43752,-20.95384],[55.43762,-20.95382],[55.43755,-20.95396],[55.43796,-20.9543],[55.43819,-20.95502],[55.43835,-20.95514],[55.43825,-20.9555],[55.43833,-20.95576],[55.43815,-20.95623],[55.43837,-20.9566],[55.43825,-20.95668],[55.43832,-20.95688],[55.43809,-20.95716],[55.4383,-20.95726],[55.43822,-20.95748],[55.43861,-20.95761],[55.43853,-20.95794],[55.43864,-20.95814],[55.43896,-20.95818],[55.43918,-20.95842],[55.43914,-20.95877],[55.43938,-20.95882],[55.43923,-20.95907],[55.43948,-20.95927],[55.43943,-20.95957],[55.43997,-20.9597],[55.43999,-20.95996],[55.44016,-20.95998],[55.44006,-20.96021],[55.44023,-20.96026],[55.43999,-20.96066],[55.4403,-20.96094],[55.44033,-20.96163],[55.43998,-20.96217],[55.44019,-20.96237],[55.44013,-20.96219],[55.44034,-20.962],[55.44022,-20.96213],[55.44047,-20.9625],[55.44029,-20.96284],[55.44041,-20.96306],[55.43978,-20.96348],[55.43982,-20.96363],[55.43969,-20.96373],[55.43985,-20.96397],[55.4397,-20.96415],[55.43992,-20.96455],[55.43956,-20.96522],[55.43969,-20.96533],[55.43998,-20.96527],[55.44026,-20.96537],[55.4404,-20.96578],[55.44013,-20.96625],[55.44008,-20.96675],[55.44022,-20.96699],[55.44022,-20.96734],[55.44007,-20.96751],[55.44051,-20.96833],[55.44049,-20.96857],[55.44029,-20.96951],[55.43997,-20.97015],[55.44103,-20.97168],[55.44103,-20.97215],[55.44164,-20.97264],[55.4418,-20.97315],[55.44213,-20.97335],[55.44238,-20.97334],[55.44269,-20.97409],[55.44288,-20.97399],[55.44304,-20.97425],[55.44335,-20.97605],[55.44373,-20.97738],[55.44423,-20.97774],[55.44478,-20.97877],[55.44547,-20.97945],[55.44605,-20.98045],[55.44639,-20.98148],[55.44625,-20.98268],[55.44651,-20.98339],[55.44635,-20.98372],[55.44639,-20.98417],[55.44618,-20.98425],[55.44583,-20.98409],[55.44546,-20.98424],[55.44534,-20.98445],[55.44555,-20.98488],[55.44551,-20.98505],[55.44537,-20.98504],[55.44541,-20.98518],[55.44495,-20.98541],[55.4444,-20.9853],[55.44346,-20.98617],[55.44353,-20.98649],[55.44326,-20.98687],[55.44329,-20.98706],[55.4441,-20.98775],[55.44417,-20.98812]],[[55.44417,-20.98812],[55.44499,-20.98832],[55.44505,-20.98869],[55.44549,-20.98924],[55.44591,-20.9895],[55.44706,-20.99078],[55.44812,-20.99124],[55.44865,-20.99165],[55.44868,-20.99191],[55.44921,-20.99251],[55.44936,-20.99332],[55.44928,-20.99371],[55.44977,-20.99395]],[[55.44977,-20.99395],[55.45048,-20.99446],[55.45138,-20.99569],[55.45205,-20.99627],[55.45312,-20.99612],[55.45556,-20.99655],[55.45623,-20.99745],[55.45708,-20.99829],[55.45754,-20.99973],[55.45815,-21.00023],[55.45838,-21.00083],[55.45862,-21.00091],[55.45937,-21.00168],[55.45949,-21.00192],[55.45925,-21.00305],[55.45924,-21.00334],[55.45942,-21.00373],[55.45925,-21.00434],[55.45927,-21.00496],[55.4598,-21.00625],[55.46044,-21.00686],[55.46032,-21.00736],[55.45975,-21.0084],[55.45986,-21.00919],[55.45981,-21.01032],[55.4599,-21.01039],[55.45986,-21.01186],[55.46013,-21.0123],[55.45995,-21.01269],[55.46039,-21.01381],[55.46089,-21.01432],[55.46113,-21.01493]]]},"properties":{"n":"Sentier de la Roche Écrite","cat":"PR"}},{"type":"Feature","geometry":{"type":"MultiLineString","coordinates":[[[55.45446,-21.05324],[55.45419,-21.05271],[55.45369,-21.05223],[55.45345,-21.05233],[55.45322,-21.05279],[55.45313,-21.05224],[55.45303,-21.05224],[55.45273,-21.05242],[55.45265,-21.05265],[55.45241,-21.0527],[55.45223,-21.05305],[55.45156,-21.05311],[55.4515,-21.05387],[55.45104,-21.054],[55.45074,-21.05323],[55.45051,-21.05319],[55.45048,-21.05266],[55.45015,-21.05265],[55.45002,-21.05287],[55.44896,-21.05254],[55.44864,-21.05218],[55.4483,-21.05207],[55.44848,-21.0525],[55.44846,-21.05271],[55.44817,-21.05224],[55.44817,-21.05265],[55.44832,-21.05296],[55.44741,-21.05313],[55.44753,-21.05351],[55.44742,-21.05372],[55.44741,-21.05351],[55.44688,-21.05299],[55.44684,-21.05274],[55.44679,-21.05298],[55.44696,-21.05329],[55.44664,-21.05332],[55.44669,-21.0537],[55.44602,-21.05359],[55.44559,-21.05318],[55.44559,-21.05255],[55.44521,-21.05183],[55.44527,-21.05122],[55.445,-21.04976],[55.44506,-21.04919],[55.44561,-21.04791],[55.44594,-21.04743],[55.44536,-21.04721],[55.44449,-21.04625],[55.4443,-21.0458],[55.4444,-21.04536],[55.44429,-21.04498],[55.44422,-21.04482],[55.4439,-21.04476],[55.44359,-21.04447],[55.44328,-21.04377],[55.44302,-21.04363],[55.44316,-21.04345],[55.443,-21.0432],[55.44299,-21.04275],[55.44282,-21.04268],[55.44272,-21.04202],[55.44254,-21.04195],[55.44255,-21.04161],[55.44233,-21.0414],[55.44245,-21.04112],[55.44208,-21.04088],[55.44184,-21.04037],[55.44158,-21.04007],[55.44147,-21.0401],[55.44159,-21.0407],[55.44144,-21.04055],[55.44116,-21.04054],[55.4404,-21.03984],[55.4395,-21.0396],[55.43945,-21.03947],[55.43958,-21.03937],[55.43936,-21.03927],[55.43905,-21.03958],[55.43889,-21.03939],[55.43879,-21.03952],[55.43869,-21.03939],[55.43848,-21.03968],[55.43849,-21.03941],[55.43829,-21.03952],[55.43732,-21.03875],[55.43792,-21.03892],[55.4376,-21.03877],[55.43746,-21.0385],[55.43668,-21.03816],[55.43665,-21.03833],[55.43656,-21.03809],[55.43651,-21.03823],[55.43644,-21.03801],[55.43637,-21.03817],[55.43629,-21.03795],[55.43624,-21.03814],[55.43615,-21.03791],[55.43608,-21.03812],[55.43599,-21.0379],[55.43592,-21.03805],[55.43581,-21.03772],[55.43475,-21.03715],[55.43369,-21.03696],[55.43279,-21.03659],[55.4323,-21.03656],[55.43212,-21.03627],[55.43115,-21.03618],[55.43084,-21.0358],[55.43051,-21.03579],[55.43037,-21.03568],[55.43045,-21.03556],[55.43017,-21.03544],[55.43002,-21.03507],[55.43029,-21.03486],[55.43024,-21.03472],[55.43001,-21.03453],[55.42941,-21.03435]]]},"properties":{"n":"Sentier Scout","cat":"PR"}},{"type":"Feature","geometry":{"type":"MultiLineString","coordinates":[[[55.3561,-20.98414],[55.35595,-20.98443]],[[55.39597,-21.0155],[55.39536,-21.01558],[55.39533,-21.01539],[55.39555,-21.01522],[55.39545,-21.01492],[55.39555,-21.01449],[55.39541,-21.0141],[55.39512,-21.01359],[55.39469,-21.01333],[55.39431,-21.01264],[55.39404,-21.01254],[55.39376,-21.01214],[55.39337,-21.01218],[55.39335,-21.01186],[55.3928,-21.01145],[55.39276,-21.0111],[55.39252,-21.01099],[55.39254,-21.01073],[55.3923,-21.01036],[55.39212,-21.00929],[55.39164,-21.00896],[55.39154,-21.00857],[55.39048,-21.00894],[55.38996,-21.00897],[55.38802,-21.00841],[55.38755,-21.0081],[55.38708,-21.00801],[55.38677,-21.00762],[55.38577,-21.00713],[55.38512,-21.0066],[55.38466,-21.00657],[55.3838,-21.00605],[55.38315,-21.00587],[55.38306,-21.00621],[55.38248,-21.00673],[55.38229,-21.00672],[55.38142,-21.00731],[55.38123,-21.00767],[55.38142,-21.00796],[55.3814,-21.00823],[55.38124,-21.00844],[55.38074,-21.00858],[55.38037,-21.00896],[55.37976,-21.00918],[55.37949,-21.00871],[55.37917,-21.00865],[55.37886,-21.0075],[55.37864,-21.00742],[55.37854,-21.0072],[55.37869,-21.00666],[55.37851,-21.0065],[55.37896,-21.0056],[55.37896,-21.00534],[55.3785,-21.0051],[55.3771,-21.00528],[55.37703,-21.00459],[55.3764,-21.00426],[55.37629,-21.00395],[55.37614,-21.00389],[55.3761,-21.00348],[55.37547,-21.0035],[55.37486,-21.00316],[55.37452,-21.00335],[55.37432,-21.00324],[55.37383,-21.00328],[55.37379,-21.00295],[55.37352,-21.00298],[55.37218,-21.00262],[55.37197,-21.00236],[55.37154,-21.00217],[55.37094,-21.00214],[55.37057,-21.00229],[55.3703,-21.00215],[55.37018,-21.00183],[55.36981,-21.00154],[55.36884,-21.00008],[55.36851,-20.99924],[55.36759,-20.99795],[55.36731,-20.99721],[55.36696,-20.99699],[55.36687,-20.9965],[55.36654,-20.99617],[55.36614,-20.99605],[55.36613,-20.99575],[55.36579,-20.99546],[55.3658,-20.99519],[55.36615,-20.99508],[55.36651,-20.99471],[55.36665,-20.99385],[55.36629,-20.99322],[55.3658,-20.9931],[55.36579,-20.99286],[55.36566,-20.99275],[55.36575,-20.99223],[55.36532,-20.9916],[55.36536,-20.99133],[55.365,-20.99093],[55.3647,-20.99085],[55.36422,-20.99014],[55.36317,-20.98919],[55.3631,-20.9889],[55.36247,-20.98861],[55.36213,-20.98828],[55.36192,-20.98827],[55.36196,-20.9878],[55.36132,-20.98719],[55.36095,-20.9872],[55.36081,-20.98746],[55.36053,-20.98731],[55.35944,-20.98647],[55.35915,-20.98581],[55.35868,-20.98551],[55.35815,-20.98487],[55.35698,-20.98442],[55.35648,-20.98403],[55.3561,-20.98414]],[[55.39611,-21.01574],[55.39597,-21.0155]],[[55.39421,-21.03679],[55.39433,-21.03668],[55.39423,-21.03635],[55.39436,-21.03621],[55.39432,-21.03588],[55.39442,-21.03566],[55.39426,-21.03526],[55.3938,-21.03499],[55.39366,-21.03443],[55.39399,-21.03433],[55.39373,-21.03404],[55.39396,-21.03394],[55.39378,-21.03378],[55.39383,-21.03296],[55.39355,-21.03276],[55.39386,-21.03248],[55.39334,-21.03161],[55.39325,-21.03075],[55.39344,-21.03036],[55.39367,-21.03034],[55.39403,-21.02996],[55.39391,-21.02901],[55.39417,-21.02899],[55.39434,-21.02812],[55.39454,-21.02804],[55.3948,-21.02717],[55.39545,-21.02655],[55.39562,-21.02601],[55.39656,-21.02531],[55.39701,-21.02463],[55.39714,-21.02414],[55.39746,-21.02385],[55.39769,-21.02259],[55.39764,-21.02096],[55.39791,-21.01986],[55.39798,-21.01894],[55.39845,-21.01799],[55.39862,-21.01732],[55.39925,-21.01665],[55.39882,-21.0156],[55.39858,-21.01545],[55.39801,-21.0156],[55.39774,-21.01548],[55.3974,-21.01572],[55.39706,-21.0162],[55.39663,-21.01637],[55.39653,-21.01657],[55.39556,-21.01725],[55.39595,-21.0167],[55.39592,-21.01602],[55.39611,-21.01574]],[[55.39156,-21.04233],[55.39226,-21.04144],[55.39254,-21.04089],[55.39247,-21.0407],[55.39262,-21.04033],[55.39245,-21.03952],[55.39254,-21.03929],[55.39228,-21.03876],[55.39289,-21.03824],[55.39287,-21.03784],[55.39315,-21.03755],[55.39335,-21.037],[55.39374,-21.03679],[55.39393,-21.03688],[55.39421,-21.03679]]]},"properties":{"n":"Canalisation des Orangers","cat":"PR"}},{"type":"Feature","geometry":{"type":"MultiLineString","coordinates":[[[55.47896,-21.1253],[55.47887,-21.12549]],[[55.47896,-21.1253],[55.47984,-21.12574],[55.48003,-21.12562],[55.48073,-21.12613],[55.48117,-21.12571]],[[55.48117,-21.12571],[55.48149,-21.12574],[55.48157,-21.12594]],[[55.48117,-21.12571],[55.48149,-21.12574],[55.48157,-21.12594]],[[55.48117,-21.12571],[55.48103,-21.12523],[55.48078,-21.12569],[55.48057,-21.12572],[55.48053,-21.12495],[55.48018,-21.12509],[55.47997,-21.12463],[55.47979,-21.1245]],[[55.47896,-21.1253],[55.47902,-21.12515],[55.47915,-21.12518],[55.47974,-21.12472],[55.47979,-21.1245]],[[55.47896,-21.1253],[55.47887,-21.12549]]]},"properties":{"n":"Sentier de découverte","cat":"PR"}},{"type":"Feature","geometry":{"type":"MultiLineString","coordinates":[[[55.45539,-20.89733],[55.45496,-20.89743],[55.45465,-20.89799],[55.45452,-20.89867],[55.45387,-20.89923],[55.45392,-20.89887],[55.45361,-20.89937],[55.4537,-20.89881],[55.45343,-20.89915],[55.45288,-20.90061],[55.45258,-20.90007],[55.45197,-20.89989]],[[55.45197,-20.89989],[55.4523,-20.90029],[55.45157,-20.90007],[55.452,-20.90058],[55.45176,-20.90056],[55.45152,-20.90089],[55.45157,-20.90098],[55.45128,-20.90126],[55.45112,-20.90198]],[[55.45021,-20.90161],[55.45094,-20.90203],[55.45112,-20.90198]],[[55.45023,-20.90128],[55.45021,-20.90161]],[[55.45055,-20.90043],[55.4507,-20.90069],[55.45064,-20.90085],[55.45023,-20.90128]],[[55.45055,-20.90043],[55.45081,-20.89998],[55.45109,-20.90005]],[[55.45109,-20.90005],[55.45127,-20.90007],[55.45117,-20.89965]],[[55.45197,-20.89989],[55.45117,-20.89965]],[[55.45539,-20.89733],[55.45496,-20.89743],[55.45465,-20.89799],[55.45452,-20.89867],[55.45387,-20.89923],[55.45392,-20.89887],[55.45361,-20.89937],[55.4537,-20.89881],[55.45343,-20.89915],[55.45288,-20.90061],[55.45258,-20.90007],[55.45197,-20.89989]]]},"properties":{"n":"Sentier botanique de la Providence","cat":"PR"}},{"type":"Feature","geometry":{"type":"MultiLineString","coordinates":[[[55.48338,-21.23387],[55.48378,-21.23263]],[[55.48378,-21.23263],[55.48389,-21.23213],[55.48371,-21.23171],[55.4834,-21.23178],[55.48336,-21.23222],[55.4832,-21.23225],[55.48315,-21.23214],[55.48306,-21.23172],[55.4834,-21.23095],[55.48329,-21.23067],[55.48292,-21.23044],[55.483,-21.2299],[55.48254,-21.22947],[55.48254,-21.22906]],[[55.48254,-21.22906],[55.48249,-21.22817],[55.48234,-21.2277],[55.48246,-21.22757],[55.48239,-21.22686],[55.48263,-21.22603],[55.4823,-21.2254],[55.48212,-21.22441],[55.48219,-21.22382],[55.48146,-21.22304],[55.48177,-21.22259],[55.48169,-21.22234],[55.48141,-21.22212],[55.48135,-21.22181],[55.48149,-21.22151],[55.4813,-21.22115],[55.48136,-21.22089],[55.4815,-21.22091],[55.48141,-21.22036],[55.48158,-21.22021],[55.4817,-21.21963],[55.48238,-21.21903],[55.48231,-21.2185],[55.48179,-21.21791],[55.48178,-21.21765],[55.48197,-21.21728],[55.48223,-21.21739],[55.48248,-21.2168],[55.48225,-21.21678],[55.48248,-21.21665],[55.48267,-21.21612],[55.48264,-21.21566],[55.48278,-21.21544],[55.4827,-21.21492],[55.483,-21.2142],[55.48291,-21.21375],[55.48303,-21.21359],[55.48288,-21.2135],[55.48278,-21.21296],[55.48312,-21.21242],[55.48296,-21.2123],[55.48331,-21.21171],[55.48358,-21.21163],[55.48347,-21.21151],[55.48387,-21.21171],[55.48417,-21.21161],[55.48383,-21.21141],[55.4838,-21.21073],[55.48393,-21.21041],[55.48373,-21.20929],[55.48348,-21.20909],[55.48352,-21.2087],[55.48338,-21.2085],[55.48311,-21.20848],[55.48339,-21.2082],[55.4836,-21.20722]],[[55.48011,-21.1887],[55.47976,-21.18881],[55.47972,-21.18897],[55.48049,-21.19013],[55.48153,-21.19043],[55.48306,-21.19183],[55.4832,-21.19215],[55.48314,-21.19303],[55.48327,-21.19334],[55.48316,-21.19472],[55.48341,-21.19523],[55.48349,-21.19519],[55.48377,-21.1961],[55.48398,-21.19771],[55.48411,-21.19781],[55.48435,-21.19766],[55.48438,-21.197],[55.48453,-21.19718],[55.48462,-21.1979],[55.48453,-21.19839],[55.48481,-21.19872],[55.48428,-21.19926],[55.48384,-21.19946],[55.48355,-21.2],[55.48359,-21.20037],[55.48338,-21.20013],[55.48343,-21.20088],[55.48306,-21.20038],[55.48295,-21.19996],[55.48286,-21.2001],[55.48285,-21.20069],[55.48335,-21.2014],[55.48371,-21.20319],[55.48369,-21.20507],[55.48388,-21.20554],[55.48389,-21.20609],[55.4836,-21.20722]]]},"properties":{"n":"Sentier de la Grande Jument","cat":"PR"}},{"type":"Feature","geometry":{"type":"MultiLineString","coordinates":[[[55.46078,-21.23587],[55.46058,-21.23548],[55.45953,-21.23517],[55.45944,-21.23476]],[[55.45944,-21.23476],[55.45981,-21.23449],[55.45977,-21.23415],[55.46015,-21.23375],[55.4599,-21.2338],[55.46012,-21.23357],[55.46019,-21.23306],[55.46007,-21.233],[55.46034,-21.23271],[55.46087,-21.23235],[55.46107,-21.2324],[55.46106,-21.23209],[55.46171,-21.23167],[55.46197,-21.23134],[55.46234,-21.23161],[55.46252,-21.23154],[55.46226,-21.23129],[55.46204,-21.23057],[55.46151,-21.2304],[55.46136,-21.23011],[55.46119,-21.23017],[55.46143,-21.22948],[55.46174,-21.22966],[55.46191,-21.22922],[55.46104,-21.22692],[55.46092,-21.22566],[55.46114,-21.22556],[55.46135,-21.22504],[55.46125,-21.22486],[55.4613,-21.22403],[55.46196,-21.22296],[55.462,-21.22218],[55.46225,-21.22141],[55.46269,-21.22096],[55.46252,-21.22024],[55.46242,-21.22022],[55.46246,-21.21965],[55.46234,-21.21946],[55.46251,-21.21827],[55.46238,-21.218],[55.46263,-21.21738],[55.46263,-21.21705],[55.46327,-21.21664],[55.46317,-21.21623],[55.46358,-21.21587],[55.4633,-21.21497],[55.46335,-21.21353],[55.4629,-21.21238],[55.4631,-21.21167],[55.46301,-21.21163],[55.46306,-21.21136],[55.46259,-21.21097],[55.46237,-21.21046],[55.46224,-21.20978],[55.46242,-21.20934],[55.46224,-21.20925],[55.46186,-21.20822],[55.46193,-21.20755],[55.4622,-21.20728],[55.46208,-21.20707],[55.4617,-21.20691],[55.46153,-21.2066],[55.46133,-21.20558],[55.46107,-21.2052],[55.46111,-21.20499],[55.46121,-21.205],[55.46105,-21.20455],[55.46141,-21.20397],[55.46142,-21.20355],[55.46127,-21.20344],[55.46138,-21.20338],[55.46118,-21.2031],[55.46103,-21.20318],[55.46106,-21.20253],[55.4608,-21.20204],[55.4607,-21.201],[55.46089,-21.20069],[55.46108,-21.20056],[55.46123,-21.20061],[55.46155,-21.1991],[55.46214,-21.199],[55.46256,-21.1991],[55.46236,-21.19878],[55.46231,-21.19837],[55.46243,-21.19775],[55.46267,-21.19758],[55.46276,-21.19722],[55.46268,-21.197],[55.46249,-21.19696],[55.4623,-21.19635],[55.46235,-21.19579],[55.46284,-21.19512],[55.46287,-21.19488],[55.46316,-21.19477],[55.46339,-21.19395],[55.46354,-21.19379],[55.46382,-21.19381],[55.46411,-21.19414],[55.4645,-21.1943],[55.4646,-21.19381],[55.46496,-21.19351],[55.46523,-21.19361],[55.46536,-21.19383],[55.46594,-21.19279],[55.46663,-21.19262],[55.46714,-21.1922],[55.46701,-21.19206],[55.46757,-21.19122],[55.46809,-21.19114],[55.46874,-21.19197],[55.46876,-21.19145],[55.46923,-21.19073],[55.46984,-21.19027],[55.47046,-21.18937],[55.4707,-21.18935],[55.4708,-21.18914],[55.47106,-21.18922],[55.47143,-21.18909],[55.4722,-21.18935],[55.47224,-21.18952],[55.47212,-21.18964],[55.47151,-21.19001],[55.47158,-21.19014],[55.47196,-21.19028],[55.47279,-21.19011],[55.47308,-21.19029],[55.47308,-21.18994],[55.47365,-21.19022],[55.47349,-21.19048],[55.47391,-21.19051],[55.47448,-21.19015],[55.47485,-21.19014],[55.47506,-21.19027],[55.47501,-21.19012],[55.47528,-21.18993],[55.47556,-21.18979],[55.47584,-21.18992],[55.47584,-21.18971],[55.47664,-21.18937],[55.47703,-21.18954],[55.4773,-21.18929],[55.47774,-21.18917],[55.47793,-21.18922],[55.47821,-21.18965],[55.47872,-21.18964],[55.47874,-21.18933],[55.47894,-21.18916],[55.47847,-21.18892],[55.47859,-21.18858],[55.47883,-21.18838],[55.47954,-21.18835],[55.48011,-21.1887]]]},"properties":{"n":"Sentier Bayonne","cat":"PR"}},{"type":"Feature","geometry":{"type":"MultiLineString","coordinates":[[[55.4735,-21.24302],[55.47354,-21.24257],[55.47325,-21.24256],[55.47324,-21.24246],[55.4736,-21.24191],[55.47397,-21.2407],[55.47472,-21.2407],[55.4748,-21.2404],[55.47495,-21.24032]],[[55.47495,-21.24032],[55.47548,-21.23996]],[[55.47548,-21.23996],[55.47561,-21.23972],[55.47623,-21.2394],[55.47667,-21.23887],[55.47671,-21.23857],[55.47704,-21.23811],[55.4771,-21.23532],[55.47735,-21.23455],[55.47768,-21.23399],[55.47746,-21.2335],[55.47766,-21.23284],[55.47752,-21.23173],[55.47714,-21.23023],[55.47774,-21.22957],[55.47789,-21.22914],[55.47788,-21.22821],[55.47812,-21.22772],[55.47842,-21.22746],[55.47848,-21.22672],[55.47836,-21.22653],[55.47833,-21.22533],[55.47801,-21.2243],[55.47792,-21.22364],[55.47806,-21.22299],[55.47787,-21.22245],[55.47803,-21.22179],[55.47845,-21.22127],[55.47838,-21.22072],[55.47847,-21.22051],[55.47898,-21.22013],[55.47909,-21.21984],[55.4787,-21.21907],[55.47878,-21.21883],[55.4794,-21.21817],[55.47986,-21.21616],[55.48044,-21.2153],[55.48065,-21.21464],[55.48062,-21.21392],[55.48028,-21.21326],[55.48037,-21.2127],[55.48094,-21.21145],[55.48119,-21.21124],[55.48139,-21.21047],[55.48117,-21.20965],[55.48088,-21.20928],[55.48084,-21.20899],[55.48098,-21.20851],[55.48112,-21.20846],[55.48143,-21.20884],[55.48178,-21.20807],[55.48206,-21.20849],[55.48247,-21.20805],[55.48249,-21.20854],[55.48309,-21.20815],[55.48332,-21.20769],[55.48338,-21.2068],[55.4836,-21.20722]]]},"properties":{"n":"Sentier du Zèbre","cat":"PR"}},{"type":"Feature","geometry":{"type":"MultiLineString","coordinates":[[[55.49537,-21.11113],[55.49533,-21.11083],[55.49574,-21.11014],[55.49606,-21.10985]],[[55.49606,-21.10985],[55.49605,-21.10972]]]},"properties":{"cat":"PR"}},{"type":"Feature","geometry":{"type":"MultiLineString","coordinates":[[[55.49605,-21.10972],[55.49613,-21.10935],[55.49719,-21.10784],[55.49718,-21.10772],[55.49841,-21.10639],[55.49874,-21.1056],[55.49936,-21.10521],[55.49956,-21.10523],[55.49959,-21.10497],[55.50015,-21.10431],[55.50091,-21.10379],[55.50127,-21.10333],[55.50136,-21.10311],[55.50123,-21.10259],[55.50166,-21.10264],[55.5019,-21.10246],[55.50291,-21.10214],[55.50356,-21.10139],[55.50397,-21.1005],[55.50481,-21.10018],[55.50487,-21.10001],[55.50504,-21.10002],[55.50494,-21.09992],[55.50541,-21.0998],[55.50602,-21.09899],[55.50718,-21.09836],[55.50755,-21.09787],[55.5075,-21.09756],[55.50852,-21.0972],[55.50851,-21.09706],[55.50933,-21.09655],[55.50928,-21.0964],[55.50967,-21.09613],[55.50972,-21.09582],[55.51009,-21.09585],[55.51073,-21.09567],[55.51084,-21.09526],[55.51169,-21.09498],[55.51165,-21.09485],[55.51181,-21.09479],[55.51174,-21.0947],[55.51213,-21.09439],[55.51227,-21.09446]]]},"properties":{"cat":"PR"}},{"type":"Feature","geometry":{"type":"MultiLineString","coordinates":[[[55.56977,-21.23761],[55.56981,-21.2375]],[[55.56981,-21.2375],[55.56985,-21.23738]],[[55.56985,-21.23738],[55.5705,-21.23704],[55.57051,-21.23715],[55.57029,-21.23729],[55.57036,-21.23746],[55.57074,-21.23711]],[[55.57074,-21.23711],[55.57107,-21.23709],[55.57151,-21.23679],[55.57174,-21.23637],[55.5723,-21.23616],[55.57291,-21.23567],[55.57342,-21.23554],[55.57363,-21.23585],[55.57401,-21.23584],[55.57412,-21.23571],[55.57431,-21.2358],[55.57482,-21.23647],[55.57448,-21.2373],[55.5741,-21.23732],[55.57385,-21.23678],[55.57316,-21.23706],[55.57317,-21.23728],[55.57289,-21.23765],[55.57279,-21.23806],[55.57236,-21.23858],[55.57234,-21.23896]],[[55.57141,-21.23754],[55.57221,-21.23822],[55.57178,-21.23865],[55.57175,-21.23883],[55.57208,-21.23878],[55.57234,-21.23896]],[[55.57141,-21.23754],[55.57158,-21.23739],[55.57178,-21.2375],[55.57212,-21.23741],[55.57229,-21.23701],[55.57175,-21.23678],[55.57166,-21.23691],[55.57175,-21.23709],[55.5713,-21.23733],[55.57119,-21.23761]],[[55.57017,-21.23758],[55.57088,-21.23748],[55.57119,-21.23761]],[[55.57011,-21.23767],[55.57017,-21.23758]],[[55.5708,-21.23935],[55.57096,-21.23932],[55.57096,-21.23914],[55.57023,-21.2377],[55.57011,-21.23767]],[[55.57113,-21.23975],[55.5708,-21.23935]],[[55.57123,-21.24028],[55.57064,-21.24032],[55.5705,-21.24052],[55.56966,-21.24071],[55.56937,-21.24096],[55.56887,-21.24084],[55.56852,-21.24107],[55.56825,-21.24108],[55.5677,-21.24157],[55.56753,-21.24156],[55.56758,-21.24116],[55.56723,-21.24089],[55.56662,-21.24132],[55.56656,-21.24157],[55.56615,-21.24139],[55.56575,-21.24147],[55.56576,-21.2412],[55.56606,-21.24109],[55.56588,-21.24086],[55.56603,-21.24054],[55.56596,-21.2401],[55.56636,-21.24003],[55.56665,-21.24061],[55.56674,-21.24058],[55.56673,-21.2401],[55.56657,-21.23975],[55.5667,-21.23957],[55.56701,-21.23954],[55.56718,-21.23975],[55.56754,-21.23963],[55.5678,-21.24021],[55.56861,-21.24042],[55.56875,-21.24031],[55.56918,-21.24031],[55.5696,-21.24007],[55.57113,-21.23975]],[[55.57146,-21.24027],[55.57123,-21.24028]],[[55.57235,-21.2391],[55.57253,-21.23919],[55.57244,-21.23939],[55.57146,-21.24027]],[[55.57235,-21.2391],[55.57162,-21.23924],[55.57142,-21.23948],[55.57101,-21.23949],[55.57091,-21.2396]]]},"properties":{"n":"Sentier pédestre de la Ravine Blanche","cat":"PR"}},{"type":"Feature","geometry":{"type":"MultiLineString","coordinates":[[[55.57146,-21.24027],[55.57123,-21.24028]],[[55.57106,-21.24043],[55.57123,-21.24028]],[[55.57106,-21.24043],[55.5705,-21.24082],[55.56999,-21.24097],[55.56849,-21.24206],[55.56783,-21.24196],[55.56729,-21.24209],[55.56722,-21.24235],[55.56843,-21.2424],[55.57005,-21.24113],[55.57064,-21.24089],[55.57106,-21.24043]],[[55.57106,-21.24043],[55.57123,-21.24028]],[[55.57146,-21.24027],[55.57123,-21.24028]]]},"properties":{"n":"Sentier botanique de la Ravine Blanche","cat":"PR"}},{"type":"Feature","geometry":{"type":"MultiLineString","coordinates":[[[55.56981,-21.2375],[55.56985,-21.23738]],[[55.56985,-21.23738],[55.56978,-21.23722]],[[55.56978,-21.23722],[55.56978,-21.23716]],[[55.56978,-21.23716],[55.56981,-21.23658],[55.56996,-21.23634],[55.57019,-21.23626],[55.57032,-21.23643],[55.57061,-21.23591],[55.57116,-21.23584],[55.57127,-21.23567],[55.57157,-21.23561],[55.57171,-21.23537],[55.57193,-21.23548],[55.57225,-21.23534],[55.57265,-21.23552],[55.57272,-21.23568],[55.57254,-21.23566],[55.57212,-21.23606],[55.57192,-21.23599],[55.57132,-21.23627],[55.57113,-21.23608],[55.57086,-21.23626],[55.57047,-21.23691],[55.57097,-21.2368],[55.57074,-21.23711]],[[55.57074,-21.23711],[55.57107,-21.23709],[55.57151,-21.23679],[55.57174,-21.23637],[55.5723,-21.23616],[55.57291,-21.23567],[55.57342,-21.23554],[55.57363,-21.23585],[55.57401,-21.23584],[55.57412,-21.23571],[55.57431,-21.2358],[55.57482,-21.23647],[55.57448,-21.2373],[55.5741,-21.23732],[55.57385,-21.23678],[55.57316,-21.23706],[55.57317,-21.23728],[55.57289,-21.23765],[55.57279,-21.23806],[55.57236,-21.23858],[55.57234,-21.23896]],[[55.57141,-21.23754],[55.57221,-21.23822],[55.57178,-21.23865],[55.57175,-21.23883],[55.57208,-21.23878],[55.57234,-21.23896]],[[55.57141,-21.23754],[55.57158,-21.23739],[55.57178,-21.2375],[55.57212,-21.23741],[55.57229,-21.23701],[55.57175,-21.23678],[55.57166,-21.23691],[55.57175,-21.23709],[55.5713,-21.23733],[55.57119,-21.23761]],[[55.57017,-21.23758],[55.57088,-21.23748],[55.57119,-21.23761]],[[55.57017,-21.23758],[55.56981,-21.2375]]]},"properties":{"n":"Parcours Santé Ravine Blanche","cat":"PR"}},{"type":"Feature","geometry":{"type":"MultiLineString","coordinates":[[[55.77211,-21.36405],[55.77244,-21.36428],[55.77269,-21.36428]],[[55.77269,-21.36428],[55.77276,-21.36427]],[[55.77276,-21.36427],[55.77382,-21.36439],[55.77424,-21.36428],[55.77504,-21.36367],[55.77539,-21.36362],[55.77697,-21.36289],[55.77736,-21.36246],[55.77734,-21.36211],[55.77832,-21.3618],[55.77879,-21.3614],[55.78039,-21.36087],[55.78083,-21.36055],[55.78179,-21.3598],[55.78277,-21.35845]],[[55.78277,-21.35845],[55.78285,-21.35844]],[[55.78285,-21.35844],[55.78318,-21.35835],[55.78495,-21.35692],[55.78654,-21.35613],[55.78804,-21.35415],[55.78846,-21.35392],[55.78868,-21.35407],[55.78894,-21.35391],[55.78921,-21.35401],[55.78934,-21.35393],[55.79116,-21.35252],[55.79254,-21.35123],[55.79364,-21.35045]],[[55.79364,-21.35045],[55.79371,-21.35045]],[[55.79371,-21.35045],[55.79575,-21.34929],[55.79639,-21.34873],[55.79658,-21.3487],[55.79692,-21.34896],[55.79802,-21.34845],[55.79959,-21.34633],[55.80005,-21.3453],[55.80039,-21.3451],[55.80102,-21.3442],[55.80137,-21.34393],[55.80176,-21.34315],[55.80175,-21.34281],[55.8023,-21.34239],[55.80273,-21.34157],[55.80334,-21.34093],[55.80335,-21.34047]],[[55.80335,-21.34047],[55.80345,-21.34016]],[[55.80345,-21.34016],[55.80412,-21.33979],[55.80449,-21.33892]],[[55.80449,-21.33892],[55.80467,-21.3385],[55.80507,-21.33804]],[[55.80507,-21.33804],[55.80515,-21.33802]],[[55.80515,-21.33802],[55.80528,-21.33748],[55.80651,-21.3362],[55.80684,-21.33566],[55.807,-21.33505],[55.80725,-21.33479],[55.80716,-21.33451],[55.80756,-21.3343],[55.80764,-21.33354],[55.80821,-21.33223],[55.80798,-21.33129],[55.80764,-21.33062],[55.8074,-21.33039]],[[55.80668,-21.32914],[55.8074,-21.32989],[55.8074,-21.33039]],[[55.8065,-21.3284],[55.80668,-21.32914]],[[55.80443,-21.29743],[55.80455,-21.29849],[55.80399,-21.29952],[55.80418,-21.30048],[55.80383,-21.30154],[55.80429,-21.30324],[55.80412,-21.30346],[55.80421,-21.30411],[55.80395,-21.30488],[55.804,-21.30512],[55.80431,-21.30545],[55.80435,-21.30584],[55.80405,-21.30656],[55.80421,-21.30731],[55.80386,-21.30795],[55.80385,-21.30864],[55.8037,-21.3087],[55.80342,-21.30921],[55.80343,-21.30947],[55.80407,-21.31201],[55.8038,-21.31327],[55.80401,-21.31373],[55.80395,-21.3141],[55.80431,-21.31446],[55.80425,-21.31617],[55.80446,-21.31635],[55.80444,-21.31704],[55.8049,-21.31807],[55.8051,-21.31887],[55.80493,-21.31918],[55.80465,-21.31934],[55.80451,-21.31981],[55.80474,-21.32011],[55.80484,-21.32055],[55.80469,-21.32082],[55.80489,-21.32157],[55.80479,-21.32269],[55.80537,-21.32358],[55.80579,-21.32593],[55.80605,-21.32656],[55.80595,-21.32696],[55.8065,-21.3284]]]},"properties":{"n":"Sentier Littoral","cat":"PR"}},{"type":"Feature","geometry":{"type":"MultiLineString","coordinates":[[[55.82957,-21.15479],[55.82925,-21.15424],[55.82857,-21.15398],[55.82842,-21.15379],[55.82867,-21.15316],[55.82852,-21.15283],[55.82829,-21.15276],[55.82748,-21.15293],[55.8272,-21.15254],[55.82717,-21.15048],[55.82644,-21.14792]],[[55.83211,-21.15883],[55.83147,-21.15833],[55.83133,-21.15758],[55.83101,-21.15737],[55.83091,-21.15686],[55.83077,-21.1568],[55.83081,-21.15656],[55.83043,-21.15585],[55.83033,-21.15522],[55.83015,-21.15493],[55.82957,-21.15479]],[[55.83307,-21.15943],[55.83293,-21.15926],[55.83238,-21.15919],[55.83211,-21.15883]],[[55.8338,-21.16047],[55.83344,-21.16018],[55.83307,-21.15943]],[[55.83407,-21.16102],[55.8338,-21.16047]],[[55.83389,-21.16314],[55.83424,-21.16304],[55.83442,-21.16284],[55.83407,-21.16102]],[[55.83244,-21.16291],[55.83329,-21.16294],[55.83389,-21.16314]],[[55.83244,-21.16291],[55.83219,-21.16322]],[[55.83223,-21.16472],[55.83235,-21.16388],[55.83219,-21.16322]],[[55.83652,-21.18268],[55.83628,-21.18224],[55.83594,-21.18205],[55.83577,-21.18149],[55.83523,-21.18105],[55.83522,-21.18044],[55.83504,-21.18021],[55.83454,-21.18014],[55.8343,-21.17991],[55.83424,-21.17958],[55.83438,-21.17926],[55.83435,-21.1789],[55.83415,-21.17855],[55.83414,-21.17812],[55.83332,-21.17724],[55.83303,-21.17666]],[[55.83117,-21.18535],[55.83189,-21.18546],[55.83244,-21.18532],[55.83276,-21.18538],[55.83306,-21.18505],[55.83334,-21.18497],[55.83379,-21.1839],[55.83503,-21.18404],[55.83552,-21.18358],[55.8359,-21.18354],[55.83616,-21.18323],[55.83634,-21.18321],[55.83652,-21.18268]],[[55.82984,-21.18604],[55.83006,-21.1861],[55.83046,-21.18594],[55.83072,-21.18554],[55.83117,-21.18535]],[[55.82955,-21.18584],[55.82984,-21.18604]],[[55.82952,-21.18581],[55.82955,-21.18584]],[[55.82947,-21.18582],[55.82952,-21.18581]],[[55.82943,-21.18582],[55.82947,-21.18582]],[[55.82941,-21.18582],[55.82943,-21.18582]],[[55.82849,-21.18582],[55.82941,-21.18582]],[[55.82774,-21.18569],[55.82849,-21.18582]],[[55.82774,-21.18569],[55.82709,-21.18528]],[[55.82709,-21.18528],[55.82669,-21.18525]],[[55.82669,-21.18525],[55.82662,-21.18523]],[[55.82662,-21.18523],[55.82632,-21.18503],[55.82649,-21.18473],[55.82672,-21.18469]],[[55.82672,-21.18469],[55.82678,-21.18468]],[[55.82678,-21.18468],[55.82686,-21.18461]],[[55.82686,-21.18461],[55.82702,-21.18409],[55.82745,-21.1838]],[[55.82745,-21.1838],[55.82781,-21.18398]],[[55.82781,-21.18398],[55.82785,-21.18373],[55.82799,-21.18366]],[[55.82806,-21.18363],[55.82799,-21.18366]],[[55.82819,-21.18354],[55.82806,-21.18363]],[[55.82819,-21.18354],[55.8283,-21.18364]],[[55.83303,-21.17666],[55.83347,-21.17628],[55.83367,-21.17573],[55.83313,-21.17535],[55.8328,-21.17541],[55.8327,-21.17495],[55.83294,-21.1743],[55.83297,-21.17368],[55.83292,-21.17267],[55.83272,-21.17194],[55.83288,-21.17062],[55.83272,-21.17017],[55.83294,-21.16975],[55.83303,-21.16913],[55.83252,-21.16808],[55.83269,-21.16715],[55.83254,-21.16633],[55.83217,-21.16609],[55.83236,-21.16584],[55.83223,-21.16472]],[[55.82882,-21.18406],[55.8284,-21.18361],[55.8283,-21.18364]],[[55.82894,-21.18396],[55.82882,-21.18406]],[[55.82886,-21.18331],[55.82894,-21.18396]],[[55.82887,-21.18329],[55.82886,-21.18331]],[[55.82887,-21.18329],[55.82893,-21.18318]],[[55.82893,-21.18318],[55.82926,-21.18326]],[[55.82926,-21.18326],[55.82932,-21.18335]],[[55.82959,-21.18336],[55.82932,-21.18335]],[[55.82712,-21.18156],[55.82758,-21.18221],[55.82816,-21.18205],[55.82886,-21.18204],[55.82936,-21.18231],[55.82958,-21.18279],[55.82959,-21.18336]],[[55.82318,-21.19196],[55.82303,-21.19161],[55.8232,-21.19077],[55.8237,-21.18961],[55.82399,-21.18938],[55.82401,-21.18915],[55.82447,-21.1884],[55.82509,-21.18633],[55.82501,-21.18586],[55.82562,-21.18425],[55.82553,-21.184],[55.82606,-21.18359],[55.82712,-21.18156]],[[55.82337,-21.19193],[55.82318,-21.19196]],[[55.82365,-21.1928],[55.8233,-21.19277],[55.82337,-21.19193]],[[55.82428,-21.19315],[55.82365,-21.1928]],[[55.82329,-21.19711],[55.82361,-21.19678],[55.82415,-21.19673],[55.82412,-21.19648],[55.82438,-21.19619],[55.82449,-21.19559],[55.82499,-21.19487],[55.82489,-21.19434],[55.82449,-21.19393],[55.82445,-21.19333],[55.82428,-21.19315]],[[55.82325,-21.19715],[55.82329,-21.19711]],[[55.82323,-21.19718],[55.82325,-21.19715]],[[55.8221,-21.20692],[55.82238,-21.2069],[55.82239,-21.20643],[55.82296,-21.20567],[55.82308,-21.20512],[55.82434,-21.20333],[55.8248,-21.20201],[55.82472,-21.20179],[55.82481,-21.20114],[55.82468,-21.20093],[55.82498,-21.20052],[55.82532,-21.20032],[55.82472,-21.20014],[55.82462,-21.19922],[55.82468,-21.19866],[55.82494,-21.19831],[55.82487,-21.19793],[55.82415,-21.19776],[55.82323,-21.19718]],[[55.81421,-21.21243],[55.8148,-21.21177],[55.81492,-21.21128],[55.81634,-21.20956],[55.8167,-21.20963],[55.81695,-21.20935],[55.81753,-21.20934],[55.81813,-21.20902],[55.81864,-21.20842],[55.81975,-21.20823],[55.81991,-21.20809],[55.82096,-21.2078],[55.82114,-21.20741],[55.8221,-21.20692]]]},"properties":{"n":"Sentier Littoral Est","cat":"PR"}},{"type":"Feature","geometry":{"type":"MultiLineString","coordinates":[[[55.44294,-21.07865],[55.44312,-21.07867]],[[55.44312,-21.07867],[55.44256,-21.07954],[55.44213,-21.07981]],[[55.44213,-21.07981],[55.44177,-21.08008]],[[55.44177,-21.08008],[55.44154,-21.08026]],[[55.44154,-21.08026],[55.44141,-21.08038]],[[55.44141,-21.08038],[55.44112,-21.08097],[55.44072,-21.08128]],[[55.44072,-21.08128],[55.44056,-21.08131]],[[55.44056,-21.08131],[55.44033,-21.08149],[55.4397,-21.08154],[55.43951,-21.08198],[55.43935,-21.08208]],[[55.43935,-21.08208],[55.43918,-21.08215]],[[55.43918,-21.08215],[55.43901,-21.08228]],[[55.43901,-21.08228],[55.43881,-21.08237]],[[55.43881,-21.08237],[55.43828,-21.08282]],[[55.43828,-21.08282],[55.43812,-21.08289]],[[55.43812,-21.08289],[55.438,-21.08305],[55.43809,-21.08347],[55.43848,-21.08402]],[[55.43848,-21.08402],[55.43856,-21.08413]],[[55.43856,-21.08413],[55.4392,-21.08518],[55.43893,-21.08596],[55.43895,-21.08639],[55.43971,-21.08731],[55.44013,-21.08747],[55.4403,-21.0874],[55.44026,-21.08817],[55.44032,-21.08795],[55.44039,-21.08805],[55.44052,-21.08789],[55.4406,-21.08827],[55.44074,-21.0882],[55.44069,-21.08904],[55.43988,-21.08981],[55.43997,-21.08998],[55.44027,-21.0899],[55.44022,-21.09001],[55.44039,-21.08999],[55.44029,-21.09019],[55.44043,-21.09046],[55.43994,-21.09108]],[[55.44149,-21.07866],[55.44217,-21.07851],[55.44294,-21.07865]],[[55.43767,-21.07909],[55.43799,-21.0795],[55.43876,-21.07905],[55.43977,-21.07885],[55.44008,-21.07864],[55.44058,-21.07878],[55.44149,-21.07866]],[[55.4375,-21.07896],[55.43767,-21.07909]],[[55.43725,-21.07895],[55.4375,-21.07896]],[[55.43693,-21.0788],[55.43725,-21.07895]],[[55.43673,-21.07863],[55.43693,-21.0788]],[[55.43651,-21.07842],[55.43673,-21.07863]],[[55.43228,-21.07596],[55.43251,-21.076],[55.43263,-21.07632],[55.43309,-21.07588],[55.43308,-21.07614],[55.43322,-21.07616],[55.43335,-21.07656],[55.43332,-21.07695],[55.43349,-21.07697],[55.43377,-21.07728],[55.43475,-21.07789],[55.43472,-21.07806],[55.43491,-21.07829],[55.43651,-21.07842]],[[55.43064,-21.07557],[55.43082,-21.07562],[55.43082,-21.07551],[55.43089,-21.07558],[55.43103,-21.07545],[55.43116,-21.07562],[55.43145,-21.07545],[55.43148,-21.07575],[55.43185,-21.07566],[55.4318,-21.07582],[55.43203,-21.07583],[55.4323,-21.0757],[55.43228,-21.07596]],[[55.42641,-21.07523],[55.42697,-21.07407],[55.42747,-21.0738],[55.42887,-21.07449],[55.42938,-21.07514],[55.42943,-21.07487],[55.42967,-21.0752],[55.42984,-21.07523],[55.42978,-21.07507],[55.43036,-21.07531],[55.43064,-21.07557]],[[55.42349,-21.07753],[55.42442,-21.07635],[55.4252,-21.07645],[55.42542,-21.07629],[55.42564,-21.07584],[55.42576,-21.07606],[55.42619,-21.07567],[55.42641,-21.07523]],[[55.42432,-21.0785],[55.4239,-21.07832],[55.42349,-21.07753]],[[55.42432,-21.0785],[55.42411,-21.07888]],[[55.42434,-21.07918],[55.42411,-21.07888]],[[55.42466,-21.07926],[55.42434,-21.07918]],[[55.42735,-21.08453],[55.42712,-21.0842],[55.42691,-21.08422],[55.42702,-21.08418],[55.42699,-21.08375],[55.42716,-21.08367],[55.42684,-21.08341],[55.42705,-21.08333],[55.42692,-21.08318],[55.42697,-21.08291],[55.42717,-21.08275],[55.42732,-21.08289],[55.42761,-21.08273],[55.42767,-21.08235],[55.42749,-21.08203],[55.42727,-21.08204],[55.42703,-21.08171],[55.42665,-21.08165],[55.42651,-21.08149],[55.42671,-21.08107],[55.42669,-21.08059],[55.42688,-21.08029],[55.42668,-21.08025],[55.42657,-21.08001],[55.42629,-21.08005],[55.42647,-21.0799],[55.42596,-21.08003],[55.42594,-21.07988],[55.42528,-21.07938],[55.42477,-21.07949],[55.42466,-21.07926]],[[55.42735,-21.08453],[55.4277,-21.08488],[55.42753,-21.08507],[55.42759,-21.08533],[55.42783,-21.08546],[55.42856,-21.08551],[55.42871,-21.08609],[55.4291,-21.08611],[55.42895,-21.08634],[55.42915,-21.08655],[55.43002,-21.08692],[55.43022,-21.08679],[55.43096,-21.08678],[55.43097,-21.08687],[55.43079,-21.08687],[55.43062,-21.08741],[55.43153,-21.08744],[55.43125,-21.08778]],[[55.43125,-21.08778],[55.43156,-21.08794],[55.43135,-21.088],[55.43129,-21.08832],[55.43188,-21.08893],[55.43178,-21.0893],[55.43219,-21.08938],[55.43294,-21.08982]]]},"properties":{"n":"PR25","ref":"PR25","cat":"PR"}},{"type":"Feature","geometry":{"type":"MultiLineString","coordinates":[[[55.51951,-21.06804],[55.51998,-21.06872]],[[55.51998,-21.06872],[55.52018,-21.06889],[55.52014,-21.06907]],[[55.52014,-21.06907],[55.52076,-21.06981]],[[55.52076,-21.06981],[55.52052,-21.06994],[55.52064,-21.0701]],[[55.52064,-21.0701],[55.52081,-21.07027],[55.52098,-21.07018]],[[55.52098,-21.07018],[55.52114,-21.07037]],[[55.52113,-21.07036],[55.52152,-21.07076]],[[55.52152,-21.07076],[55.52163,-21.07082]],[[55.52163,-21.07082],[55.5222,-21.07087],[55.52185,-21.07111],[55.52236,-21.0712],[55.52204,-21.07147],[55.52226,-21.07149],[55.52212,-21.07157],[55.52243,-21.07175],[55.52195,-21.07191],[55.52226,-21.07199],[55.52204,-21.07212]],[[55.52204,-21.07212],[55.52178,-21.0722],[55.52165,-21.07233],[55.52179,-21.07233],[55.52172,-21.07245],[55.52155,-21.07256],[55.52064,-21.07282],[55.52082,-21.07293],[55.52024,-21.07312],[55.52036,-21.07331],[55.51977,-21.07367],[55.51987,-21.07373],[55.51975,-21.07378],[55.51988,-21.07378],[55.51979,-21.07396],[55.51993,-21.07395],[55.51982,-21.07405],[55.52001,-21.07409],[55.51968,-21.07425],[55.52003,-21.07435],[55.51983,-21.07441],[55.52017,-21.07488],[55.51931,-21.07513],[55.5188,-21.07543],[55.51861,-21.07541],[55.51801,-21.07583],[55.51735,-21.07677]],[[55.51735,-21.07677],[55.51738,-21.07681]],[[55.51738,-21.07681],[55.51635,-21.07792]],[[55.51635,-21.07792],[55.51622,-21.07815]],[[55.51622,-21.07815],[55.51602,-21.07834]],[[55.51602,-21.07834],[55.51599,-21.0784]],[[55.51599,-21.0784],[55.51584,-21.07874],[55.51533,-21.07912],[55.51518,-21.07985],[55.51477,-21.08019],[55.51458,-21.08054],[55.51445,-21.08127],[55.51389,-21.08181]],[[55.51389,-21.08181],[55.51168,-21.08091]],[[55.51168,-21.08091],[55.51145,-21.08094]],[[55.51145,-21.08094],[55.51098,-21.08094],[55.51059,-21.08015],[55.50996,-21.07973],[55.50976,-21.07929]],[[55.50976,-21.07929],[55.50947,-21.07873],[55.5092,-21.07737],[55.50928,-21.07702]],[[55.50928,-21.07702],[55.50895,-21.07683],[55.50878,-21.07637],[55.50885,-21.07622]],[[55.50885,-21.07622],[55.50904,-21.07553],[55.50899,-21.07564]],[[55.50899,-21.07564],[55.50902,-21.07578],[55.50905,-21.07568],[55.50926,-21.07574],[55.5092,-21.07524],[55.50942,-21.07521],[55.50909,-21.07449],[55.50914,-21.07416],[55.50936,-21.07412],[55.50915,-21.07401],[55.50948,-21.07394],[55.50933,-21.07388],[55.50944,-21.0738],[55.50978,-21.07387],[55.50978,-21.07368],[55.51017,-21.07367],[55.50987,-21.07338],[55.50999,-21.07338],[55.50987,-21.072]]]},"properties":{"n":"PR4","ref":"PR4","cat":"PR"}},{"type":"Feature","geometry":{"type":"MultiLineString","coordinates":[[[55.58136,-21.00679],[55.58141,-21.00657],[55.5817,-21.00656],[55.58274,-21.00615]],[[55.58274,-21.00615],[55.58336,-21.00556],[55.58365,-21.00546],[55.58384,-21.00508],[55.5838,-21.00363],[55.58337,-21.00315],[55.58325,-21.00282],[55.58368,-21.00292],[55.58408,-21.00189],[55.58428,-21.00156],[55.58454,-21.0014]],[[55.58454,-21.0014],[55.58464,-21.00132],[55.58456,-21.00104],[55.58408,-21.00091],[55.58353,-21.00035]]]},"properties":{"n":"Sentier Cascade Blanche","cat":"PR"}}]}